Cluster,0,Point,"[13.777977195744102, 9.8614115861912541]"
Cluster,0,Point,"[12.211166192060865, 7.203152349440197]"
Cluster,0,Point,"[18.0340633260491, 9.2623139292621897]"
Cluster,0,Point,"[14.072242572238185, 12.971096590101466]"
Cluster,0,Point,"[11.303332041156462, 13.119762880535342]"
Cluster,0,Point,"[10.478943604008196, 7.2273216922893475]"
Cluster,0,Point,"[5.5015192998662679, 9.3592704360390524]"
Cluster,0,Point,"[7.707246747460438, 10.341431151909056]"
Cluster,0,Point,"[16.214934310544585, 19.168686533768163]"
Cluster,0,Point,"[7.3920059320483391, 6.2496441139910841]"
Cluster,0,Point,"[8.4112375726109896, 10.461170846907983]"
Cluster,0,Point,"[24.282280781769011, 17.723891499911279]"
Cluster,0,Point,"[8.4761831562701744, 7.1803126477774457]"
Cluster,0,Point,"[7.6694322769370871, 7.5880598828342318]"
Cluster,0,Point,"[10.965107926406766, 10.45307403410356]"
Cluster,0,Point,"[8.3244951030440451, 9.8799384661253828]"
Cluster,0,Point,"[10.230619844571985, 15.688319260949408]"
Cluster,0,Point,"[8.8683866704060339, 12.800426564467951]"
Cluster,0,Point,"[6.5041929883473966, 6.8499155108277758]"
Cluster,0,Point,"[15.703154429764769, 13.483108745549284]"
Cluster,0,Point,"[12.562315604464072, 12.122411721095567]"
Cluster,0,Point,"[12.074541128647525, 20.20274140868997]"
Cluster,0,Point,"[11.234930410407941, 3.8585100716118079]"
Cluster,0,Point,"[4.5763120174886325, 7.9613437534728178]"
Cluster,0,Point,"[12.833284410132366, 21.866430184999128]"
Cluster,0,Point,"[14.742862411026884, 9.1816259422599646]"
Cluster,0,Point,"[11.631414803882173, 18.149738411757252]"
Cluster,0,Point,"[14.242182424446327, 13.674946665434579]"
Cluster,0,Point,"[6.061101475412471, 12.427776764866598]"
Cluster,0,Point,"[12.758850445964939, 7.3622836236768734]"
Cluster,0,Point,"[15.563322226222322, 19.919845508593848]"
Cluster,0,Point,"[21.955324771654698, 8.6464836085476922]"
Cluster,0,Point,"[17.456031500427056, 11.013119392496861]"
Cluster,0,Point,"[13.664656950255761, 6.0548014179395793]"
Cluster,0,Point,"[6.4810458673113223, 9.6031933816243882]"
Cluster,0,Point,"[10.447740442409728, 6.8662978121441682]"
Cluster,0,Point,"[6.8242204296126419, 7.5406494618580986]"
Cluster,0,Point,"[6.1014457630185213, 14.343046215439795]"
Cluster,0,Point,"[11.941100157715741, 8.3929001441361564]"
Cluster,0,Point,"[12.33594713519393, 4.5203252252562391]"
Cluster,0,Point,"[11.75148436301188, 12.337553358547677]"
Cluster,0,Point,"[11.092552422978398, 8.4514543823350898]"
Cluster,0,Point,"[18.079286217884725, 8.7494359115675877]"
Cluster,0,Point,"[13.479755751637541, 6.933965380395124]"
Cluster,0,Point,"[21.469721632702331, 7.7834375866379402]"
Cluster,0,Point,"[8.7198039285131408, 9.5379285787287138]"
Cluster,0,Point,"[12.106970610420671, 4.0313083261090483]"
Cluster,0,Point,"[15.76305935941987, 5.2058637670520049]"
Cluster,0,Point,"[5.7832647813806961, 8.4646661000059105]"
Cluster,0,Point,"[7.9303376884916466, 10.806222034639712]"
Cluster,0,Point,"[17.119902876810492, 6.0154509694330827]"
Cluster,0,Point,"[8.1155308686662746, 7.570601190739783]"
Cluster,0,Point,"[13.898904176033291, 13.076344533375009]"
Cluster,0,Point,"[5.0837080625176254, 10.225397923960887]"
Cluster,0,Point,"[12.285671747367664, 22.735342563009915]"
Cluster,0,Point,"[12.035969214138856, 12.018214092361477]"
Cluster,0,Point,"[13.23310563348098, 12.325896262840899]"
Cluster,0,Point,"[4.6451043634407529, 8.9711498517846877]"
Cluster,0,Point,"[11.986255775043208, 11.541787989817545]"
Cluster,0,Point,"[7.5129422366620169, 7.2340069189769878]"
Cluster,0,Point,"[12.543094174843221, 19.00649287302512]"
Cluster,0,Point,"[14.37033858339829, 4.6181895901759882]"
Cluster,0,Point,"[14.91080869866315, 5.4375764192059117]"
Cluster,0,Point,"[9.3221080123715083, 6.1600939012129725]"
Cluster,0,Point,"[4.0513617445883581, 8.6761517910069355]"
Cluster,0,Point,"[4.5776739925295971, 8.032385517907235]"
Cluster,0,Point,"[8.7211007656710269, 5.4720193285292797]"
Cluster,0,Point,"[17.899954849319819, 17.991278396700899]"
Cluster,0,Point,"[4.9667556389917218, 10.117434709056889]"
Cluster,0,Point,"[12.29009789834805, 4.8064487929614659]"
Cluster,0,Point,"[14.708577980087274, 4.8791115737685606]"
Cluster,0,Point,"[21.178224428060194, 9.0378137440636674]"
Cluster,0,Point,"[7.7862321651339723, 6.2037872406845498]"
Cluster,0,Point,"[14.826532938496717, 14.826769213488495]"
Cluster,0,Point,"[5.6670654803130658, 7.8235527879713409]"
Cluster,0,Point,"[13.647558963988187, 9.2289943728267847]"
Cluster,0,Point,"[8.9878667467305071, 15.113949756388873]"
Cluster,0,Point,"[8.8556003435269695, 7.6638312843391931]"
Cluster,0,Point,"[5.9025893099536013, 7.5802775514430598]"
Cluster,0,Point,"[9.5845421648791955, 4.7894504739289365]"
Cluster,0,Point,"[22.870597542693854, 16.842450990388567]"
Cluster,0,Point,"[8.7906814677897032, 14.768382636723167]"
Cluster,0,Point,"[15.742463171708604, 7.3022693469042768]"
Cluster,0,Point,"[10.370910558359036, 5.9256631850289674]"
Cluster,0,Point,"[8.362455056102851, 13.856934283648277]"
Cluster,0,Point,"[13.937814658353705, 15.858440010276997]"
Cluster,0,Point,"[9.586140766859927, 5.3486666131782057]"
Cluster,0,Point,"[4.0996693788164844, 10.227019940703247]"
Cluster,0,Point,"[9.3260848467805371, 13.912281727866322]"
Cluster,0,Point,"[26.008179837059068, 10.807877995202473]"
Cluster,0,Point,"[8.7614078288747788, 8.4194106695408824]"
Cluster,0,Point,"[15.84491587501452, 17.744130690273753]"
Cluster,0,Point,"[13.784818387382323, 13.531513401183997]"
Cluster,0,Point,"[14.720727229161835, 9.9213537862364003]"
Cluster,0,Point,"[14.17609211867333, 22.258706400999802]"
Cluster,1,Point,"[21.101366735163211, 4.0388088831320719]"
Cluster,1,Point,"[13.226483385326626, 2.4198357431762245]"
Cluster,1,Point,"[13.089320605760514, 3.4853167581011424]"
Cluster,1,Point,"[13.548810829124687, 1.2876492747316481]"
Cluster,1,Point,"[12.581431614107752, -0.14202139860012775]"
Cluster,1,Point,"[21.610110953238795, -6.8096436319746623]"
Cluster,1,Point,"[13.284783818590576, 3.2187179535821775]"
Cluster,1,Point,"[21.11597644992419, -10.048574758025108]"
Cluster,1,Point,"[17.365429163100952, 5.6682333126913598]"
Cluster,1,Point,"[21.862207062358593, -3.2348590442408991]"
Cluster,1,Point,"[24.068449738618082, -9.6140089601885634]"
Cluster,1,Point,"[13.284702120181965, -3.2932083552838813]"
Cluster,1,Point,"[12.452701832100111, -5.8120726019771629]"
Cluster,1,Point,"[13.320407442670001, -2.6136004530765202]"
Cluster,1,Point,"[15.373340974641751, -0.021680870125325567]"
Cluster,1,Point,"[14.596351768720645, -3.9536792251935102]"
Cluster,1,Point,"[17.808898583677042, 1.9309855644535396]"
Cluster,1,Point,"[22.698866937877145, 0.28081681841351747]"
Cluster,1,Point,"[28.197187910947235, -12.255591901573649]"
Cluster,1,Point,"[17.375759298117668, -7.1529503448245846]"
Cluster,1,Point,"[18.680200060440896, -2.1302656861439235]"
Cluster,1,Point,"[15.240955680635938, -1.6372631537653779]"
Cluster,1,Point,"[16.605605263237525, 3.7026958723752723]"
Cluster,1,Point,"[24.625747995447735, -5.8548855974327481]"
Cluster,1,Point,"[11.814250435676328, -2.3646794572358902]"
Cluster,1,Point,"[20.252375766234302, -4.1971411126806206]"
Cluster,1,Point,"[26.754560254390476, -2.4907234525657538]"
Cluster,1,Point,"[13.122929702169447, 0.20372775044917124]"
Cluster,1,Point,"[13.535025194908572, -1.0379960692215686]"
Cluster,1,Point,"[13.777673496815945, 2.4327868928509604]"
Cluster,1,Point,"[16.721740970216111, -1.236366788113836]"
Cluster,1,Point,"[20.309242670025771, -8.1610877798825143]"
Cluster,1,Point,"[16.64580030970064, 0.10459354974846709]"
Cluster,1,Point,"[13.214251140902034, -4.0479811060715774]"
Cluster,1,Point,"[28.259237198699736, -8.4536231336718366]"
Cluster,1,Point,"[21.189499172469553, 1.3791482636751964]"
Cluster,1,Point,"[12.213946771384537, -4.3932568609105385]"
Cluster,1,Point,"[13.003292474840954, 2.6499976135985976]"
Cluster,1,Point,"[24.358589467772873, 1.0595545951172602]"
Cluster,1,Point,"[21.919364025180744, -1.7978597661518054]"
Cluster,1,Point,"[10.75326870539109, -3.9667519276792254]"
Cluster,1,Point,"[23.633249330046006, 0.38459763988612583]"
Cluster,1,Point,"[10.82709248756119, -4.3329414495297964]"
Cluster,1,Point,"[12.100160345586348, 1.0151576287850832]"
Cluster,1,Point,"[14.550981535259046, -2.1916975656016149]"
Cluster,1,Point,"[15.871129481044907, -6.0296523246953226]"
Cluster,1,Point,"[18.097537650712628, 1.0980093386656673]"
Cluster,1,Point,"[11.474380230230462, -2.8087633312547933]"
Cluster,1,Point,"[14.22517985679969, -1.6508260435638498]"
Cluster,1,Point,"[27.975671740588286, 4.5963826711456077]"
Cluster,1,Point,"[13.745206773570837, -0.25380824403001012]"
Cluster,1,Point,"[11.601083520915694, -1.9914963422160237]"
Cluster,1,Point,"[21.812294843449532, -1.6544756313505178]"
Cluster,1,Point,"[13.315305062448042, -4.8030153246932441]"
Cluster,1,Point,"[15.133552382246478, 3.3354254641698624]"
Cluster,1,Point,"[12.704435656590906, -3.6273804568587442]"
Cluster,1,Point,"[12.13618608731969, -1.7239560738018094]"
Cluster,1,Point,"[36.327970447170443, -3.5489983658579027]"
Cluster,1,Point,"[12.988869840495227, -5.9443057643343069]"
Cluster,1,Point,"[13.605555829218215, 2.1607825303906845]"
Cluster,1,Point,"[12.824919806817094, 1.3502823775770481]"
Cluster,1,Point,"[19.383270705942309, -0.18094472962965824]"
Cluster,1,Point,"[13.120272796074257, -1.1782805006435617]"
Cluster,1,Point,"[10.754426083995785, -3.9166313525402989]"
Cluster,1,Point,"[14.017358624439142, -3.4971332028381221]"
Cluster,1,Point,"[15.727844339354206, 1.9989886913000099]"
Cluster,2,Point,"[8.2740598558642855, -8.3763102014434807]"
Cluster,2,Point,"[14.506783641800116, -7.5202897519414034]"
Cluster,2,Point,"[12.351786144920585, -13.315690062030628]"
Cluster,2,Point,"[5.6874532164597831, -9.3567652645465387]"
Cluster,2,Point,"[7.1478080657020584, -10.885770071583407]"
Cluster,2,Point,"[9.562302467104443, -22.096905079323093]"
Cluster,2,Point,"[12.101463571971438, -16.119406028909353]"
Cluster,2,Point,"[7.4348495339361085, -13.421750844562526]"
Cluster,2,Point,"[7.8853492280594519, -15.9790678808998]"
Cluster,2,Point,"[16.64472782906228, -10.015139852340088]"
Cluster,2,Point,"[8.0028374411430576, -7.7776834678145601]"
Cluster,2,Point,"[7.4870352249814509, -18.404806526172035]"
Cluster,2,Point,"[10.186145534994463, -10.308892399192873]"
Cluster,2,Point,"[14.101942126855425, -10.531602390215685]"
Cluster,2,Point,"[11.033927515230522, -14.409326744265417]"
Cluster,2,Point,"[5.0012709377888953, -7.4303433059867983]"
Cluster,2,Point,"[11.839228406738531, -12.601410043162513]"
Cluster,2,Point,"[9.8839680725025154, -10.827196399538151]"
Cluster,2,Point,"[19.474831739871107, -12.047196381447966]"
Cluster,2,Point,"[14.217082740285436, -21.391166158635777]"
Cluster,2,Point,"[17.351566447596326, -10.410335648521494]"
Cluster,2,Point,"[12.877606561802821, -15.319960482385607]"
Cluster,2,Point,"[4.1775530453835659, -8.1972989715996185]"
Cluster,2,Point,"[12.194480492304553, -11.798001572664777]"
Cluster,2,Point,"[6.2035513868038707, -8.7040200991748016]"
Cluster,2,Point,"[4.7345005110133265, -11.237275091489369]"
Cluster,2,Point,"[5.0855249464393006, -14.951516934375949]"
Cluster,2,Point,"[11.460511700580028, -5.3835812770629712]"
Cluster,2,Point,"[9.6970032548783962, -7.9623308696115478]"
Cluster,2,Point,"[4.9191746498528373, -14.768552854407183]"
Cluster,2,Point,"[11.232304977780348, -13.077291368487527]"
Cluster,2,Point,"[10.694452206342772, -10.022501976272768]"
Cluster,2,Point,"[10.286482470479752, -9.3608260197229676]"
Cluster,2,Point,"[11.378958226215541, -14.340966444585961]"
Cluster,2,Point,"[5.0251821783189312, -11.53378045103657]"
Cluster,2,Point,"[4.4436754613929521, -9.8216031608941314]"
Cluster,2,Point,"[8.5957925087628375, -7.9427029568405061]"
Cluster,2,Point,"[14.375472666678382, -11.409493421355975]"
Cluster,2,Point,"[11.267957381638469, -8.5151733199439725]"
Cluster,2,Point,"[7.5027625891144458, -6.3684595889081397]"
Cluster,2,Point,"[4.0526375971087525, -7.5710202077392283]"
Cluster,2,Point,"[10.153761584324993, -10.942175776270297]"
Cluster,2,Point,"[9.6891999095412409, -7.6398141155521042]"
Cluster,2,Point,"[11.903199277161464, -7.7248917761060003]"
Cluster,2,Point,"[5.7563588419199565, -12.344445369657947]"
Cluster,2,Point,"[8.8106459765200498, -19.047977614226202]"
Cluster,2,Point,"[14.952041530474244, -22.004337174801044]"
Cluster,2,Point,"[6.7518452672722509, -13.289967265270079]"
Cluster,2,Point,"[11.857893566054079, -8.7209949902920076]"
Cluster,2,Point,"[5.9121543473686788, -9.7575736981860501]"
Cluster,2,Point,"[13.208200680762875, -7.3051593812380125]"
Cluster,2,Point,"[4.7804025351283022, -8.1278193807979466]"
Cluster,2,Point,"[18.58535783622704, -23.342347308709549]"
Cluster,2,Point,"[5.2936878579498137, -12.213841886621204]"
Cluster,2,Point,"[6.0687963889725687, -8.388112843774735]"
Cluster,2,Point,"[7.8890105410054856, -11.153281794141954]"
Cluster,2,Point,"[9.6828285171759578, -6.1105176607206619]"
Cluster,2,Point,"[4.4143951433482878, -9.0260049116799639]"
Cluster,2,Point,"[5.6004930880351829, -13.424663814434082]"
Cluster,2,Point,"[8.9688332986004919, -12.817366886921784]"
Cluster,2,Point,"[3.384234668444825, -10.711587018208666]"
Cluster,2,Point,"[3.6355767261064438, -8.409327315003793]"
Cluster,2,Point,"[11.079264085591571, -6.3551384800819966]"
Cluster,2,Point,"[11.995544712581518, -15.69815354496223]"
Cluster,2,Point,"[9.6664024072972925, -7.377400316971463]"
Cluster,2,Point,"[4.5986602823125695, -7.2436823576412408]"
Cluster,2,Point,"[11.466609800309744, -12.352210249697087]"
Cluster,2,Point,"[9.790544261495663, -15.856062514912905]"
Cluster,2,Point,"[8.6597189761259994, -6.0741569363299774]"
Cluster,2,Point,"[9.9963304472954491, -7.485946315220307]"
Cluster,2,Point,"[11.278014862392997, -8.7097974426060674]"
Cluster,2,Point,"[13.606824075332087, -8.5432154081927383]"
Cluster,2,Point,"[5.6824941179404354, -15.870137658178329]"
Cluster,2,Point,"[7.1858733840478202, -7.8107893051273773]"
Cluster,2,Point,"[8.0978960858104649, -7.5777497285361353]"
Cluster,2,Point,"[20.288587461237668, -12.254701984698652]"
Cluster,2,Point,"[6.6477888507432272, -16.918142710727246]"
Cluster,2,Point,"[19.002179654392176, -11.337366743429122]"
Cluster,2,Point,"[13.258271876707839, -16.942373305420634]"
Cluster,2,Point,"[15.238455387305452, -9.1767350358423414]"
Cluster,2,Point,"[12.524099029318538, -10.137585330958325]"
Cluster,2,Point,"[11.230040320944248, -9.0892622363353812]"
Cluster,2,Point,"[8.1885742944881734, -9.8534340018033468]"
Cluster,2,Point,"[8.6977562349549977, -11.407104823268153]"
Cluster,3,Point,"[-2.2091055500727639, 11.10173487372206]"
Cluster,3,Point,"[-4.0660476226095756, 17.91047184796421]"
Cluster,3,Point,"[5.9594302534200549, 23.357366782787604]"
Cluster,3,Point,"[-1.7376472269778045, 12.150549154090736]"
Cluster,3,Point,"[1.969029627141117, 12.735025054736946]"
Cluster,3,Point,"[-7.9622419428137974, 28.847094113852407]"
Cluster,3,Point,"[-2.3190686644426952, 12.262836794370287]"
Cluster,3,Point,"[1.785862620058368, 9.5810415011962409]"
Cluster,3,Point,"[-8.4289551506528007, 18.145286121676428]"
Cluster,3,Point,"[3.0724133731679526, 10.234280420058706]"
Cluster,3,Point,"[1.632165101168801, 9.4220647411015435]"
Cluster,3,Point,"[1.8954725406697495, 9.6943177586106675]"
Cluster,3,Point,"[-0.8708094726429888, 11.939078506645757]"
Cluster,3,Point,"[-5.9479258180245065, 18.261633777646463]"
Cluster,3,Point,"[-0.89141559001738324, 10.289478355389015]"
Cluster,3,Point,"[-3.1252131141457968, 12.53484694204149]"
Cluster,3,Point,"[0.5649386696526002, 12.54175467424141]"
Cluster,3,Point,"[6.017558883813817, 16.942304731539789]"
Cluster,3,Point,"[-2.7948106684241782, 13.431634182962746]"
Cluster,3,Point,"[-3.6947812189459066, 12.843487845405647]"
Cluster,3,Point,"[2.0294119241551716, 15.237873186114545]"
Cluster,3,Point,"[5.4530096874591116, 25.688991497292946]"
Cluster,3,Point,"[2.7262073337096924, 21.773363392981274]"
Cluster,3,Point,"[-4.4684896951201463, 16.659423475116132]"
Cluster,3,Point,"[5.5858386398369309, 17.203767936549099]"
Cluster,3,Point,"[3.1277944766418626, 10.098979306635627]"
Cluster,3,Point,"[6.6762049303208197, 29.55134631103239]"
Cluster,3,Point,"[2.414199587017329, 23.443474829678394]"
Cluster,3,Point,"[-4.1479012724188289, 12.50789932308872]"
Cluster,3,Point,"[-7.2685502721892705, 15.593616998355342]"
Cluster,3,Point,"[-2.3098035301004596, 17.494957314337181]"
Cluster,3,Point,"[-3.1045141075783089, 22.51898775105008]"
Cluster,3,Point,"[-1.0894817280814659, 18.259965085369181]"
Cluster,3,Point,"[-3.09496585603498, 11.501409326509224]"
Cluster,3,Point,"[-4.8658833884885695, 21.609671710593332]"
Cluster,3,Point,"[-1.9350601030642036, 14.271180193988309]"
Cluster,3,Point,"[-5.0474714176188851, 19.364716918832034]"
Cluster,3,Point,"[-3.1916939911169928, 12.57243750192659]"
Cluster,3,Point,"[-1.5865634848231549, 11.145679529613412]"
Cluster,3,Point,"[-3.3933249644553904, 11.014680308725852]"
Cluster,3,Point,"[-5.3589081954946032, 19.607571639899735]"
Cluster,3,Point,"[2.1390261168718503, 28.233423762430853]"
Cluster,3,Point,"[0.55793169172290746, 11.317021125880398]"
Cluster,3,Point,"[-2.2819029142087324, 15.419064556042986]"
Cluster,3,Point,"[1.1909250751061562, 19.660059652471741]"
Cluster,3,Point,"[10.17456582619706, 26.241679868140455]"
Cluster,3,Point,"[-9.7803720843276025, 25.00438142796763]"
Cluster,3,Point,"[0.31207804358152391, 10.159987116844038]"
Cluster,3,Point,"[-7.4653018985982547, 19.803883266133408]"
Cluster,3,Point,"[-4.6513570111574829, 14.767244892470448]"
Cluster,3,Point,"[6.4865815190540541, 22.159382311719916]"
Cluster,3,Point,"[-8.052490750742793, 16.454176432844108]"
Cluster,3,Point,"[-1.7849009269023095, 15.537674640229213]"
Cluster,3,Point,"[-5.9045068352508618, 17.695797623564168]"
Cluster,3,Point,"[-7.5124492870992645, 18.838049966855767]"
Cluster,3,Point,"[2.232247743847612, 11.641805559002982]"
Cluster,3,Point,"[-0.90437598535417874, 14.959826441728969]"
Cluster,3,Point,"[0.91447715285273912, 9.7395549674810216]"
Cluster,3,Point,"[1.8038636347292831, 12.166646561540581]"
Cluster,3,Point,"[-8.0550635199496234, 15.833304671758277]"
Cluster,3,Point,"[-9.1431654072944486, 18.696148683808637]"
Cluster,3,Point,"[-3.2383889076352119, 16.636637712065927]"
Cluster,3,Point,"[3.9301102717968122, 24.03786088988614]"
Cluster,3,Point,"[-4.6860175326958302, 12.001791786435312]"
Cluster,3,Point,"[-2.5407683955393079, 17.594146914893948]"
Cluster,3,Point,"[-1.5551087170502476, 13.218636605233357]"
Cluster,3,Point,"[4.6312105531966603, 13.020576948468804]"
Cluster,3,Point,"[9.2002833424902928, 25.664024607889075]"
Cluster,3,Point,"[-7.4839977432145837, 21.390504353186341]"
Cluster,3,Point,"[-0.35153440785387124, 11.063262223507591]"
Cluster,3,Point,"[-1.5423811342145717, 21.013102565294695]"
Cluster,3,Point,"[8.2475998090890208, 32.065379004751605]"
Cluster,3,Point,"[0.51813850644062986, 12.230018041406769]"
Cluster,3,Point,"[-2.0162063790556322, 12.588345489865061]"
Cluster,3,Point,"[4.9849100029381592, 13.790736726380848]"
Cluster,3,Point,"[0.23304920829677181, 26.94623854892486]"
Cluster,3,Point,"[0.78828357487919032, 12.697108147250384]"
Cluster,3,Point,"[2.2372887310107892, 13.917778316186421]"
Cluster,3,Point,"[-6.0804326652237384, 13.902229351660294]"
Cluster,3,Point,"[6.4160098809084376, 20.690492644522802]"
Cluster,3,Point,"[-1.1079755437600445, 13.346164538907852]"
Cluster,3,Point,"[-0.57529016472448236, 17.750918507159572]"
Cluster,3,Point,"[3.1641922266910436, 9.8314512605047071]"
Cluster,3,Point,"[2.7006214304228369, 23.097775842890709]"
Cluster,3,Point,"[3.4580586566974532, 9.9280098504716143]"
Cluster,3,Point,"[1.3058898178010541, 14.134940889370034]"
Cluster,4,Point,"[-19.254333499005401, 7.6465269453232354]"
Cluster,4,Point,"[-12.932146175975967, 9.8541190633158742]"
Cluster,4,Point,"[-11.783561972317937, 6.0896848203007075]"
Cluster,4,Point,"[-11.545013233598937, 15.410599710998742]"
Cluster,4,Point,"[-19.968046262025233, 7.2446454562096205]"
Cluster,4,Point,"[-10.060932386689551, 18.79943465232461]"
Cluster,4,Point,"[-11.195472989193213, 4.9286166454687317]"
Cluster,4,Point,"[-10.472330900710244, 16.124184103420831]"
Cluster,4,Point,"[-8.8718471968975177, 9.2680069142231378]"
Cluster,4,Point,"[-12.64289299642909, 3.3767133976336434]"
Cluster,4,Point,"[-16.486195960309946, 8.7260938880227226]"
Cluster,4,Point,"[-17.574106543688892, 7.4140007642455448]"
Cluster,4,Point,"[-12.864970707368126, 10.317738759074576]"
Cluster,4,Point,"[-10.021027083455309, 10.830825990184872]"
Cluster,4,Point,"[-23.868885095693543, 4.2613520674118064]"
Cluster,4,Point,"[-15.425127679326089, 6.5455667795633685]"
Cluster,4,Point,"[-11.895007848285754, 6.4124213019080241]"
Cluster,4,Point,"[-8.9129854594308568, 11.846821773838869]"
Cluster,4,Point,"[-18.934254455855527, 11.47647138170737]"
Cluster,4,Point,"[-15.036402245075383, 7.3762949362913224]"
Cluster,4,Point,"[-12.400326936445527, 19.721588163718987]"
Cluster,4,Point,"[-24.299872737592025, 21.927298851658918]"
Cluster,4,Point,"[-11.710954784085688, 8.4232643407833265]"
Cluster,4,Point,"[-12.680740438835691, 14.733570745769345]"
Cluster,4,Point,"[-17.843336503627647, 14.953026036375121]"
Cluster,4,Point,"[-10.737555965024356, 9.5747885571528215]"
Cluster,4,Point,"[-13.969939663922052, 8.947330282311265]"
Cluster,4,Point,"[-18.408750144603747, 7.4421132851856679]"
Cluster,4,Point,"[-21.092510248380361, 11.624850647225209]"
Cluster,4,Point,"[-11.950359136651079, 17.355480588995288]"
Cluster,4,Point,"[-14.586043811473722, 4.6190474001808957]"
Cluster,4,Point,"[-18.093759776670513, 6.9627748575001611]"
Cluster,4,Point,"[-10.164191691323554, 7.7701076032603638]"
Cluster,4,Point,"[-7.1358961257787641, 11.010427322388743]"
Cluster,4,Point,"[-14.784075899591658, 5.158557079806954]"
Cluster,4,Point,"[-12.91980642671945, 5.6542468916672153]"
Cluster,4,Point,"[-14.375246458245321, 9.2060965556081555]"
Cluster,4,Point,"[-18.229084031940811, 2.5888143417904503]"
Cluster,4,Point,"[-20.360489066489006, 13.229964206649615]"
Cluster,4,Point,"[-14.787248699167455, 11.085980475069949]"
Cluster,4,Point,"[-21.818588177433465, 10.453661816075915]"
Cluster,4,Point,"[-9.2197879907494489, 9.0431076300877642]"
Cluster,4,Point,"[-11.225832915883958, 11.952441124066308]"
Cluster,4,Point,"[-8.8370389054299583, 9.1946763679795396]"
Cluster,4,Point,"[-9.9311955731180728, 16.092098547218768]"
Cluster,4,Point,"[-8.0172699462202175, 12.524701943169303]"
Cluster,4,Point,"[-15.835970619104664, 3.3892656550682738]"
Cluster,4,Point,"[-10.030710191682319, 8.6992872905549969]"
Cluster,4,Point,"[-13.185802703317457, 2.5618798197872081]"
Cluster,4,Point,"[-25.052822374199202, 8.6191294403420944]"
Cluster,4,Point,"[-16.40756286301287, 16.067414730804256]"
Cluster,4,Point,"[-14.030512064524865, 9.5665141295111269]"
Cluster,4,Point,"[-16.338803348703109, 17.081745548854318]"
Cluster,4,Point,"[-14.489614449217402, 5.7190529864206709]"
Cluster,4,Point,"[-10.731342845896467, 8.6005500162298443]"
Cluster,4,Point,"[-11.982220647496662, 8.2810342692112595]"
Cluster,4,Point,"[-7.4001247075805301, 13.337916503512332]"
Cluster,4,Point,"[-14.89696355402585, 7.5513626100047393]"
Cluster,4,Point,"[-9.9254183050257687, 6.12446507093963]"
Cluster,4,Point,"[-13.021349389683142, 8.9659611973062283]"
Cluster,4,Point,"[-9.2929618108213337, 9.2126582336952385]"
Cluster,4,Point,"[-24.281453571666066, 15.111555619115148]"
Cluster,4,Point,"[-12.121133016209498, 7.2598165011712528]"
Cluster,4,Point,"[-10.693769928327669, 9.4560460096561396]"
Cluster,4,Point,"[-14.628753927392832, 2.5454681119840932]"
Cluster,4,Point,"[-10.998196957044746, 4.5186562824154564]"
Cluster,4,Point,"[-11.936534191589089, 4.9289723434890531]"
Cluster,4,Point,"[-10.298352713465032, 16.448992003737516]"
Cluster,4,Point,"[-20.370468906538811, 6.143766611323632]"
Cluster,4,Point,"[-9.8117094258956001, 8.9368828066359729]"
Cluster,4,Point,"[-9.8364385570695632, 11.16502058521826]"
Cluster,4,Point,"[-7.0869360612064778, 12.355058643021383]"
Cluster,5,Point,"[-8.9912415563620449, -13.251154934843935]"
Cluster,5,Point,"[-3.068617843869883, -21.561657926854608]"
Cluster,5,Point,"[-2.0637263866740403, -15.682547211104643]"
Cluster,5,Point,"[-2.121905914830629, -12.98462292116959]"
Cluster,5,Point,"[-9.3417768691040521, -14.003035811613152]"
Cluster,5,Point,"[0.049268908322140474, -16.086096404364344]"
Cluster,5,Point,"[3.8187679377058439, -27.011495512183604]"
Cluster,5,Point,"[2.4583193585231169, -14.920954851601271]"
Cluster,5,Point,"[-4.605951515893536, -19.160874873887462]"
Cluster,5,Point,"[-4.8817671181093516, -19.660466319488904]"
Cluster,5,Point,"[-5.9965954544114712, -16.310479279797551]"
Cluster,5,Point,"[1.4062460650667132, -30.015508698501513]"
Cluster,5,Point,"[-2.5787078663498479, -21.495019396506429]"
Cluster,5,Point,"[0.78818180431997997, -12.205780811335673]"
Cluster,5,Point,"[-4.3967823500450551, -19.497201863091497]"
Cluster,5,Point,"[-2.648617973407875, -12.413001476143901]"
Cluster,5,Point,"[-5.4981663441805519, -15.366447869206873]"
Cluster,5,Point,"[-0.53786971358872693, -12.580027389357797]"
Cluster,5,Point,"[2.6138022915816164, -15.935267969120279]"
Cluster,5,Point,"[3.2084297687341632, -17.077123063561189]"
Cluster,5,Point,"[0.29001789749537116, -31.259578337303108]"
Cluster,5,Point,"[0.95860356218060006, -12.691173133066476]"
Cluster,5,Point,"[-8.8458101983948776, -13.450243134338875]"
Cluster,5,Point,"[-1.1389508274363536, -22.272632340744373]"
Cluster,5,Point,"[2.828333944745439, -13.64234147875203]"
Cluster,5,Point,"[0.37899021668985006, -14.309789979280588]"
Cluster,5,Point,"[-4.8320548677686146, -14.116552806993576]"
Cluster,5,Point,"[-5.016085753695446, -15.197279695445641]"
Cluster,5,Point,"[2.3985320056613069, -11.772192331821431]"
Cluster,5,Point,"[-2.2928470289177327, -12.562225297460152]"
Cluster,5,Point,"[0.4206796121299935, -17.436692054474371]"
Cluster,5,Point,"[2.8338872933372503, -12.296081840021296]"
Cluster,5,Point,"[2.0821475787357882, -27.186412426899874]"
Cluster,5,Point,"[2.0040425631782712, -16.701812357140941]"
Cluster,5,Point,"[-1.647935549195287, -13.733762677388059]"
Cluster,5,Point,"[1.2096300110738587, -12.110664997535775]"
Cluster,5,Point,"[-0.6343517746374866, -15.897419961931302]"
Cluster,5,Point,"[-9.8892704888125511, -24.03462160092905]"
Cluster,5,Point,"[1.4021071620531076, -13.91245604123081]"
Cluster,5,Point,"[7.659283751379097, -23.323030610099099]"
Cluster,5,Point,"[-9.1413123132665284, -14.258888915983531]"
Cluster,5,Point,"[-5.3252058103642232, -12.462900518690818]"
Cluster,5,Point,"[2.1966793252851904, -10.976043452824896]"
Cluster,5,Point,"[-1.5776241846982806, -16.764781079306786]"
Cluster,5,Point,"[0.78564288955222961, -12.781689538492394]"
Cluster,5,Point,"[-1.3234991472993127, -15.725005396811154]"
Cluster,5,Point,"[-1.6715464383943734, -11.69672170680527]"
Cluster,5,Point,"[-6.4108278316656397, -12.730403646115684]"
Cluster,5,Point,"[-2.4896546009729037, -13.409615961639274]"
Cluster,5,Point,"[5.9427024108890434, -23.032488928162103]"
Cluster,5,Point,"[5.8258389601271592, -25.070810113225118]"
Cluster,5,Point,"[-9.7649434035253613, -14.087989809862311]"
Cluster,5,Point,"[-5.1854125335783117, -21.799770713563515]"
Cluster,5,Point,"[-2.0039266799953719, -10.873737646234506]"
Cluster,5,Point,"[-5.6236958657522482, -13.597660358232918]"
Cluster,5,Point,"[2.2587521466258229, -13.340086702760402]"
Cluster,5,Point,"[-0.3071649389727592, -13.527717690020626]"
Cluster,5,Point,"[-14.296868316600627, -23.242538899176417]"
Cluster,5,Point,"[-0.57144065960950496, -11.681372323408398]"
Cluster,5,Point,"[-9.552415342289363, -17.929287171226711]"
Cluster,5,Point,"[-3.864239351398981, -13.358993090951259]"
Cluster,5,Point,"[-5.7939568649648052, -16.379006413545877]"
Cluster,5,Point,"[2.2981019007449448, -10.601243322431902]"
Cluster,5,Point,"[-3.1781229414317993, -16.9044655986227]"
Cluster,5,Point,"[2.8637947146058322, -13.278697832243875]"
Cluster,5,Point,"[-2.8826916081295186, -15.538719179590139]"
Cluster,5,Point,"[-11.96943051665977, -15.419683769415652]"
Cluster,5,Point,"[-10.734487835697937, -16.945483533854354]"
Cluster,5,Point,"[-0.41614620170636429, -11.503066509929418]"
Cluster,5,Point,"[-1.3537035072049535, -15.113422289658354]"
Cluster,5,Point,"[-8.1307565409904683, -17.04959138881248]"
Cluster,5,Point,"[-6.2152946701356049, -14.60298345474293]"
Cluster,5,Point,"[-5.9903279590116956, -18.121280780280468]"
Cluster,5,Point,"[1.9003668601965735, -16.435843420852542]"
Cluster,5,Point,"[-3.9405556276966576, -19.084209767697782]"
Cluster,5,Point,"[-1.4990596202206854, -26.997865275196947]"
Cluster,5,Point,"[3.7851565397696012, -16.094384634685341]"
Cluster,5,Point,"[-5.0932366816886621, -12.841567483879858]"
Cluster,5,Point,"[-3.3043952860352634, -12.027741241845009]"
Cluster,5,Point,"[1.694937442559582, -10.494359850205326]"
Cluster,5,Point,"[-3.2425894177418524, -12.005738228673819]"
Cluster,5,Point,"[-8.3167578313170054, -20.497610726174621]"
Cluster,5,Point,"[-0.051589236017685544, -27.683374699029123]"
Cluster,5,Point,"[-2.1544821720555127, -24.826428246271568]"
Cluster,5,Point,"[-3.506707615740762, -12.31857193255011]"
Cluster,5,Point,"[0.45297797112884186, -14.913030756261147]"
Cluster,6,Point,"[4.6898303633146003, 2.8346640717286089]"
Cluster,6,Point,"[6.6253912074520729, -2.5505354018019313]"
Cluster,6,Point,"[6.8702771448940512, -4.4622645374628327]"
Cluster,6,Point,"[10.082284726104145, 0.63058768317463265]"
Cluster,6,Point,"[4.9271822645478336, -2.9740752283113037]"
Cluster,6,Point,"[3.8705965872336807, -2.7426345547575854]"
Cluster,6,Point,"[0.46189811159905036, 1.6633053368938713]"
Cluster,6,Point,"[4.9837696911205427, -2.2905523710186002]"
Cluster,6,Point,"[5.953615670688432, -5.9314690588081787]"
Cluster,6,Point,"[6.2297229713562485, -3.2059984339722081]"
Cluster,6,Point,"[6.2223615285509437, -1.6381665781351527]"
Cluster,6,Point,"[7.9054934537036639, -0.42223442005657669]"
Cluster,6,Point,"[6.3205320948344177, -1.7395624257939948]"
Cluster,6,Point,"[2.809394768852242, -3.2854607382035121]"
Cluster,6,Point,"[10.452635395461815, 0.71850592787562995]"
Cluster,6,Point,"[5.6994158457934727, -2.4709656924210504]"
Cluster,6,Point,"[6.9811358772005008, -3.9948325104006321]"
Cluster,6,Point,"[3.0393723666529526, 4.7368770963534859]"
Cluster,6,Point,"[4.2156905395904802, -4.3865960901844856]"
Cluster,6,Point,"[10.828254537219351, 0.94005828860249119]"
Cluster,6,Point,"[8.0603286229844677, -3.3732911872244973]"
Cluster,6,Point,"[2.6601224935231675, 3.3535914407345579]"
Cluster,6,Point,"[8.3611114478509823, 3.6550848015717108]"
Cluster,6,Point,"[6.7494960492657956, -0.62658279048100995]"
Cluster,6,Point,"[10.937970611619905, -0.70228789229011901]"
Cluster,6,Point,"[2.3392021660277313, -3.2996967410916023]"
Cluster,6,Point,"[0.85007954698617705, -1.0771479819965772]"
Cluster,6,Point,"[9.6484191985732632, 1.0598625272388551]"
Cluster,6,Point,"[6.4280894133932698, 0.40287512246631768]"
Cluster,6,Point,"[10.209363880097476, -3.442683891761285]"
Cluster,6,Point,"[1.5311352288455768, 0.19448144371354098]"
Cluster,6,Point,"[10.641898488298715, 3.2003241876519368]"
Cluster,6,Point,"[3.6622149110108455, -6.2693240486721367]"
Cluster,6,Point,"[4.6696315745771848, -2.6427812551229057]"
Cluster,6,Point,"[4.6826515620363205, -1.5744365207217861]"
Cluster,6,Point,"[5.6931549600403688, 6.0991276965209886]"
Cluster,6,Point,"[5.9049419908947804, -5.6078763022785534]"
Cluster,6,Point,"[9.0062348490819328, 4.2857751875522929]"
Cluster,6,Point,"[9.5789336070248723, 2.3786245385024367]"
Cluster,6,Point,"[1.5216217846585876, 0.29054530777558452]"
Cluster,6,Point,"[6.0692126914293807, -1.9194347006559973]"
Cluster,6,Point,"[6.4095946088136913, -1.8473047007351693]"
Cluster,6,Point,"[3.5382825065572563, -2.1587861400664248]"
Cluster,6,Point,"[4.2648386848413562, 3.77652704002436]"
Cluster,6,Point,"[3.4155306052369094, 8.0132207858981968]"
Cluster,6,Point,"[4.4162205438380351, 1.614990372042671]"
Cluster,6,Point,"[8.0264162927054201, -1.6736019130316537]"
Cluster,6,Point,"[7.023322654554855, 6.0780869168828966]"
Cluster,6,Point,"[4.7470598909659936, 1.8110113235054213]"
Cluster,6,Point,"[1.5382131045689251, 2.4356676794494638]"
Cluster,6,Point,"[11.338493403761369, 3.524226581564196]"
Cluster,6,Point,"[4.9803848404201796, -2.8540488144332112]"
Cluster,6,Point,"[3.4511151485350968, -6.2805619150065102]"
Cluster,6,Point,"[8.2475255191130294, 4.1502146624694465]"
Cluster,6,Point,"[8.200224556724006, 4.5446721021798897]"
Cluster,6,Point,"[8.9605998976364418, 0.5076174918742381]"
Cluster,6,Point,"[5.0590611622500772, 4.6141094478126723]"
Cluster,6,Point,"[6.124472581576641, -5.2745619267945241]"
Cluster,6,Point,"[5.7057856888630143, -5.6573404171612571]"
Cluster,6,Point,"[3.2855453673999282, 5.6046821815685277]"
Cluster,6,Point,"[6.6284442050877868, 0.86323615327858361]"
Cluster,6,Point,"[4.4756239282117907, -2.5112535084464396]"
Cluster,6,Point,"[6.5183595905280463, -5.6567755729323022]"
Cluster,6,Point,"[5.5685837088466403, -4.6744963609506538]"
Cluster,6,Point,"[8.8852869606154936, -3.9510794607335042]"
Cluster,6,Point,"[10.358990566450505, -4.5469360304780411]"
Cluster,6,Point,"[1.2316946089334881, 2.6662469516939598]"
Cluster,6,Point,"[5.9486288512000529, 6.5198548388610513]"
Cluster,6,Point,"[3.8322190635909297, 3.6024594573261588]"
Cluster,6,Point,"[6.1264111381621671, -3.7306191662876609]"
Cluster,6,Point,"[3.5362344926280493, 6.7644031273418594]"
Cluster,6,Point,"[7.8757709841909085, -1.2642170951569087]"
Cluster,6,Point,"[8.4241659579591595, -1.1000096904720233]"
Cluster,6,Point,"[2.6982951671122173, 1.527731476441526]"
Cluster,6,Point,"[5.067873793034682, -6.5770404245817415]"
Cluster,6,Point,"[6.0231642578218985, 3.4129618674232138]"
Cluster,6,Point,"[7.2489341748223026, -0.79306088364364169]"
Cluster,6,Point,"[0.92560484417150901, -0.92901508276792866]"
Cluster,6,Point,"[7.1880926080804688, 3.6184332287937435]"
Cluster,6,Point,"[4.6417175536264201, -0.45451580185552098]"
Cluster,6,Point,"[2.3270967276243, -0.31572078749883348]"
Cluster,6,Point,"[4.3985759162855445, 2.5055542791944623]"
Cluster,6,Point,"[4.7289718471720814, -0.28178229120891007]"
Cluster,6,Point,"[3.7435746418513882, 7.9906955951554011]"
Cluster,6,Point,"[8.7602577471497245, -5.3117897541693146]"
Cluster,6,Point,"[6.0587377820207236, -1.6092020520502017]"
Cluster,6,Point,"[8.2403017743589064, -1.619898449289364]"
Cluster,6,Point,"[6.8515813708338147, 4.9179650355481881]"
Cluster,6,Point,"[8.0563673823453854, 5.2237202083664291]"
Cluster,6,Point,"[3.7389276615565938, -0.058016304179416972]"
Cluster,6,Point,"[2.6450010305850031, 2.5061870499933399]"
Cluster,6,Point,"[7.0823510149554503, 0.68648353171472976]"
Cluster,6,Point,"[2.3082073749099723, 3.9316451002122035]"
Cluster,6,Point,"[1.5137338985941364, 2.271673060905544]"
Cluster,6,Point,"[2.762575624598389, 6.4909666333836435]"
Cluster,6,Point,"[7.3600561208976831, 1.6117087092620397]"
Cluster,6,Point,"[8.4579211195890753, 1.3597655178704402]"
Cluster,6,Point,"[5.5940185371396947, 1.5508958726679587]"
Cluster,6,Point,"[4.6516301826481801, 5.3314706087819106]"
Cluster,6,Point,"[8.9792402758219776, 2.8857231583436116]"
Cluster,6,Point,"[5.863606590507807, -3.8373516605570464]"
Cluster,6,Point,"[6.6532426052234808, 1.9920362106594691]"
Cluster,6,Point,"[8.0696158814964711, -4.6921946726904977]"
Cluster,6,Point,"[1.7490417510903415, 3.8447014179358656]"
Cluster,6,Point,"[3.7705832949873983, 2.3209665314059102]"
Cluster,6,Point,"[6.0591768185407267, -2.4370360626766168]"
Cluster,6,Point,"[4.227025270644841, -5.6263176853049934]"
Cluster,6,Point,"[6.765888718104236, -2.8175462807513547]"
Cluster,6,Point,"[9.7360165142615145, 3.5077564424178354]"
Cluster,6,Point,"[2.3947646988861537, 5.0912497003790582]"
Cluster,6,Point,"[6.9765220173281159, -0.42727101200355333]"
Cluster,6,Point,"[2.6417771439106397, 0.71062035779916755]"
Cluster,6,Point,"[3.2499350403970557, -1.3038731745061432]"
Cluster,6,Point,"[5.6586035932621819, 6.2425601704954712]"
Cluster,6,Point,"[1.7379013289953635, -1.3442173687218544]"
Cluster,6,Point,"[2.4934945359801834, -3.2788789276813564]"
Cluster,6,Point,"[2.920054603276026, -1.8889936510142269]"
Cluster,6,Point,"[6.454220860635381, 4.4594315964682183]"
Cluster,6,Point,"[9.5113585498799083, -2.4816950722135465]"
Cluster,6,Point,"[9.548817197843265, 0.10803666620655136]"
Cluster,6,Point,"[7.2626885902554914, -2.8850092614983955]"
Cluster,6,Point,"[7.6094620126877288, 3.1213236137722697]"
Cluster,6,Point,"[8.9561949356695418, -2.3329352518268691]"
Cluster,6,Point,"[7.1860215468555815, -5.8702933921863885]"
Cluster,6,Point,"[9.5418979140265137, -4.8430724601182353]"
Cluster,6,Point,"[3.5113308298827488, 5.373558623823838]"
Cluster,6,Point,"[8.7693520751963696, 1.4541818227184256]"
Cluster,6,Point,"[2.2218399145057974, 4.3973156924202677]"
Cluster,6,Point,"[6.7524144733949454, -3.3075028745873296]"
Cluster,6,Point,"[8.2326928605858392, -1.9363004323738862]"
Cluster,6,Point,"[9.013541394577425, 3.4461351650403413]"
Cluster,6,Point,"[0.75961412164309727, 0.079294791086391272]"
Cluster,7,Point,"[-20.328538048107422, -2.2302091020560004]"
Cluster,7,Point,"[-10.829378417924083, -1.9005570260887992]"
Cluster,7,Point,"[-28.829113874854414, -0.078985086717145228]"
Cluster,7,Point,"[-12.130471340120616, -4.1821969178984935]"
Cluster,7,Point,"[-22.025830866885244, -3.0271292519143738]"
Cluster,7,Point,"[-16.804899775979148, -9.552673404572193]"
Cluster,7,Point,"[-17.07098418073306, -2.3666496343785255]"
Cluster,7,Point,"[-21.195787525753836, 2.0400323826172837]"
Cluster,7,Point,"[-22.108203248086852, -13.384043634959284]"
Cluster,7,Point,"[-16.126837743250448, 1.1952098821437709]"
Cluster,7,Point,"[-16.775734445743321, -12.881398640555947]"
Cluster,7,Point,"[-12.650989576292202, -3.721061748192755]"
Cluster,7,Point,"[-10.947097246223326, -11.715886277233347]"
Cluster,7,Point,"[-19.923521238817205, -8.1154459203946629]"
Cluster,7,Point,"[-10.621582707560968, -7.6983748680286315]"
Cluster,7,Point,"[-15.892310009767703, -6.6004008032954182]"
Cluster,7,Point,"[-13.133118863288464, -9.0054715774181595]"
Cluster,7,Point,"[-12.187481018204757, 0.066774747103637747]"
Cluster,7,Point,"[-15.135593449189299, -7.8825065384503734]"
Cluster,7,Point,"[-16.285493901722216, -19.159602062645625]"
Cluster,7,Point,"[-10.974742164629429, -8.055388717069663]"
Cluster,7,Point,"[-14.500168382138979, -2.7495811054497228]"
Cluster,7,Point,"[-13.721342160312091, -12.578839271994349]"
Cluster,7,Point,"[-15.872961855773536, -8.6117599447211948]"
Cluster,7,Point,"[-18.310841924144047, -0.040054901991450689]"
Cluster,7,Point,"[-14.271628244256579, -7.9587929955128125]"
Cluster,7,Point,"[-12.631775444397197, -1.3164169837187205]"
Cluster,7,Point,"[-22.961427936162821, -2.1073278816464613]"
Cluster,7,Point,"[-10.920599720837698, -1.4648025082796368]"
Cluster,7,Point,"[-16.640750656493733, -0.8913320234093931]"
Cluster,7,Point,"[-17.014032702172877, -10.356361314287701]"
Cluster,7,Point,"[-28.514272455733185, 4.1250637622611315]"
Cluster,7,Point,"[-24.949811606434999, -13.598371576712424]"
Cluster,7,Point,"[-15.356591858082789, -9.2625980811817605]"
Cluster,7,Point,"[-16.96038913193351, 0.34243433977199356]"
Cluster,7,Point,"[-29.845429097494964, -7.1928214609023469]"
Cluster,7,Point,"[-13.23639235532065, -0.31331838866118539]"
Cluster,7,Point,"[-19.17576706999483, -6.8459118776405115]"
Cluster,7,Point,"[-14.349224667565654, -4.4741660868725628]"
Cluster,7,Point,"[-10.940386563439224, -2.6608682674438571]"
Cluster,7,Point,"[-11.482650545876545, -1.2326205430912354]"
Cluster,7,Point,"[-11.796688936590783, -10.043277204985275]"
Cluster,7,Point,"[-11.060523369033568, -6.5170538235327946]"
Cluster,7,Point,"[-10.287408620334542, -1.1545833202280271]"
Cluster,7,Point,"[-23.701785504003382, -23.654332602182787]"
Cluster,7,Point,"[-14.96325700082037, 1.5568945384177573]"
Cluster,7,Point,"[-12.531229880100483, 0.10463951395940223]"
Cluster,7,Point,"[-19.41413626951136, 0.79449851830662421]"
Cluster,7,Point,"[-19.835508502148546, 0.3740554117276883]"
Cluster,7,Point,"[-17.090850458137762, -1.707587503481893]"
Cluster,7,Point,"[-12.475914811724255, -0.2924075915033485]"
Cluster,7,Point,"[-19.367696274498623, -18.900402660291288]"
Cluster,7,Point,"[-17.712384557110219, -3.4578278337938335]"
Cluster,7,Point,"[-11.539797387120638, -1.355597234385129]"
Cluster,7,Point,"[-12.639508522364164, 0.60783298252470719]"
Cluster,7,Point,"[-16.314943399035819, -15.481041138966216]"
Cluster,7,Point,"[-13.118819811137481, -10.342675413018593]"
Cluster,7,Point,"[-21.446621560690296, 0.79314594232837698]"
Cluster,7,Point,"[-20.168833034497808, -13.228307283012468]"
Cluster,7,Point,"[-14.312683503662582, -5.2720842207710437]"
Cluster,7,Point,"[-14.817855359659989, -5.8220841386249402]"
Cluster,7,Point,"[-17.01013501212072, 1.2523468327104492]"
Cluster,7,Point,"[-18.709233282392063, -4.29903274847854]"
Cluster,7,Point,"[-18.808550461233413, -1.0728781133178242]"
Cluster,7,Point,"[-16.16540502512612, -12.684930932242878]"
Cluster,7,Point,"[-36.7458496230267, -0.45332770615536705]"
Cluster,7,Point,"[-15.973213888377204, -16.839556273686561]"
Cluster,7,Point,"[-15.03565292045775, 0.078919933050978691]"
Cluster,7,Point,"[-17.425749561441403, -14.791441857461427]"
Cluster,7,Point,"[-14.149557957009923, -6.1121530447634846]"
Cluster,7,Point,"[-12.61980994427603, -15.187033882308365]"
Cluster,7,Point,"[-20.522276628707186, -13.848540899571908]"
Cluster,7,Point,"[-22.319914040297505, 0.094474981251520762]"
Cluster,7,Point,"[-11.21892012180848, -11.151057500591104]"
Cluster,7,Point,"[-11.984425836688571, -11.279292486171721]"
Cluster,7,Point,"[-26.107774910864755, -11.24932973635174]"
Cluster,8,Point,"[-2.9037595643721419, -9.8246468921550605]"
Cluster,8,Point,"[-3.7756784883273964, -0.67722946172457654]"
Cluster,8,Point,"[1.2609366189749931, -7.0780185688161046]"
Cluster,8,Point,"[-9.3214541981884764, -2.7639328372136633]"
Cluster,8,Point,"[-1.6570850404254043, -0.72356263314728397]"
Cluster,8,Point,"[-4.8652054506327955, -6.7570064488419312]"
Cluster,8,Point,"[-8.4053211494941813, -5.6453041784767768]"
Cluster,8,Point,"[-1.7106511277521608, -4.3951837051197797]"
Cluster,8,Point,"[2.0025784654466614, -7.4133755697429446]"
Cluster,8,Point,"[-8.8341972482802369, -1.2681229034723382]"
Cluster,8,Point,"[-1.8241215376755107, -1.2689647042357248]"
Cluster,8,Point,"[-1.0753682891633551, -6.639499262135736]"
Cluster,8,Point,"[-0.40127012076380036, -6.5715530799270185]"
Cluster,8,Point,"[-7.8362325745451944, -2.6381636850002939]"
Cluster,8,Point,"[-6.3567689549260553, -7.2063979944568697]"
Cluster,8,Point,"[-0.51453802823004124, -7.3671452709506502]"
Cluster,8,Point,"[-6.6931232838974255, -1.4093178102408839]"
Cluster,8,Point,"[-8.5643948354720063, -10.149493637354611]"
Cluster,8,Point,"[-4.9920780610440723, -2.8392909032239535]"
Cluster,8,Point,"[-4.2800372546990513, -9.0743945429075143]"
Cluster,8,Point,"[-5.9340731208075717, -4.2905775070421797]"
Cluster,8,Point,"[-4.3058023678712933, -0.51474492639509317]"
Cluster,8,Point,"[1.204291466049229, -10.032065492990021]"
Cluster,8,Point,"[-1.5004907219624544, -4.1207163034431291]"
Cluster,8,Point,"[-4.7475500282398384, -5.1648333928177337]"
Cluster,8,Point,"[-7.7055474400054988, -2.0376507780257125]"
Cluster,8,Point,"[-1.5628610767148843, -8.3378945095865813]"
Cluster,8,Point,"[0.56939704592348439, -9.3195220151350782]"
Cluster,8,Point,"[-1.2918283562516413, -4.9001683389557877]"
Cluster,8,Point,"[-1.8716559853248231, -4.0405399024617914]"
Cluster,8,Point,"[-0.18244383129294786, -1.2063587997811394]"
Cluster,8,Point,"[-9.263262433926867, -3.0708593702977267]"
Cluster,8,Point,"[-1.0724766729311999, -8.4558791810981209]"
Cluster,8,Point,"[-7.6625196233058768, -3.3668767083528639]"
Cluster,8,Point,"[-0.25116137639682296, -10.327526578841464]"
Cluster,8,Point,"[-7.7010648394608774, -9.7283498836615756]"
Cluster,8,Point,"[0.049734302053790508, -10.209081391489459]"
Cluster,8,Point,"[1.7479373608858726, -9.0216188740802359]"
Cluster,8,Point,"[0.31351445824523472, -3.1878585067999463]"
Cluster,8,Point,"[-3.9872899282641816, -2.0306090337708858]"
Cluster,8,Point,"[-7.393365753672394, -3.843136675612604]"
Cluster,8,Point,"[2.6136203995274192, -7.1889012615154577]"
Cluster,8,Point,"[-6.8626063806135686, -11.160772022261781]"
Cluster,8,Point,"[-7.0802941013428731, -6.1854556898210031]"
Cluster,8,Point,"[-0.66504246911673004, -3.6850923250664214]"
Cluster,8,Point,"[-2.4258690804092571, -4.6017725447926274]"
Cluster,8,Point,"[2.5405777859514922, -7.6377989213808606]"
Cluster,8,Point,"[-7.0892794662506562, -2.9331088100737479]"
Cluster,8,Point,"[1.5663520697931048, -8.4150508085062157]"
Cluster,8,Point,"[-2.8300198517219495, -4.4627123074732076]"
Cluster,8,Point,"[-0.40235961149901417, -2.8181592960402435]"
Cluster,8,Point,"[-2.5162692683949999, -4.1267763361135748]"
Cluster,8,Point,"[2.1130858409669036, -8.9279480838933925]"
Cluster,8,Point,"[-0.14506110994166235, -4.6380202122273104]"
Cluster,8,Point,"[-8.3596813545193136, -2.0178856711142803]"
Cluster,8,Point,"[0.63683090969468181, -2.404022106890483]"
Cluster,8,Point,"[-0.073991843409654923, -5.9354709192302924]"
Cluster,8,Point,"[-1.4281155323456451, -1.0177437959818538]"
Cluster,8,Point,"[-3.1782120584499318, -6.4084839604736903]"
Cluster,8,Point,"[-3.7265129113503823, -5.1423103601317628]"
Cluster,8,Point,"[-4.4574547325281362, -1.1154179516311877]"
Cluster,8,Point,"[0.25129360976507076, -8.8383888330355269]"
Cluster,8,Point,"[-0.93398316074089704, -2.050213405553317]"
Cluster,8,Point,"[-0.96484875356898048, -0.80477451806512379]"
Cluster,8,Point,"[-4.891133416150339, -6.2527353096682816]"
Cluster,8,Point,"[1.1242179728746702, -9.9029670535357468]"
Cluster,8,Point,"[-1.8451356413909983, -7.3019368698026828]"
Cluster,8,Point,"[-5.4099689050922954, -0.74886980497388123]"
Cluster,8,Point,"[0.24145190206504319, -8.9142491255574754]"
Cluster,8,Point,"[-8.5685666972964878, -6.9228927729180754]"
Cluster,8,Point,"[-0.91698420085481247, -6.2072211895359288]"
Cluster,8,Point,"[-0.86956035172583779, -5.6320018019995457]"
Cluster,8,Point,"[-4.8196415067689182, -0.52140146312537405]"
Cluster,8,Point,"[-5.2740015843666495, -0.86923265485795875]"
Cluster,8,Point,"[-2.479026252437897, -3.5968765037814081]"
Cluster,8,Point,"[1.6480513709592315, -3.5697218306455132]"
Cluster,8,Point,"[-4.6673040834052841, -2.0089910448672987]"
Cluster,8,Point,"[0.67345960949596106, -3.5462714860889366]"
Cluster,8,Point,"[-2.0900713824354158, -4.6851474775677318]"
Cluster,8,Point,"[-3.6923346713792733, -6.3204620205466346]"
Cluster,8,Point,"[-4.9278692053769895, -6.7630671267675364]"
Cluster,8,Point,"[-4.4089482056004439, -1.892265142845724]"
Cluster,8,Point,"[-9.737946939814476, -6.778985132262032]"
Cluster,8,Point,"[-6.4165900830666782, -4.8904592897249861]"
Cluster,8,Point,"[-9.6383369640347318, -9.3891842104558236]"
Cluster,8,Point,"[-1.8665216248221101, -6.9204232605569302]"
Cluster,8,Point,"[-2.3176836587092677, -4.259908631851169]"
Cluster,8,Point,"[-3.8012805218225942, -4.1223066695028763]"
Cluster,8,Point,"[-5.7947233354785777, -3.2110287256396082]"
Cluster,8,Point,"[2.3148416898519089, -6.2240360056951127]"
Cluster,8,Point,"[-4.9677029636837586, -3.2681040979612321]"
Cluster,8,Point,"[0.29740298521306613, -5.6987620967689878]"
Cluster,8,Point,"[-0.85589966346062218, -5.1080750643138906]"
Cluster,8,Point,"[-4.0784287113158078, -5.7737372274999963]"
Cluster,8,Point,"[-9.5334205815318001, -2.2120544497982095]"
Cluster,8,Point,"[-5.9319227378248716, -9.7044791686722025]"
Cluster,8,Point,"[0.38154050743301759, -6.0946498741854889]"
Cluster,8,Point,"[1.165157830404167, -8.3246139245594151]"
Cluster,8,Point,"[-0.52283272233989797, -9.8528022010599905]"
Cluster,8,Point,"[-1.3222946711249826, -1.5657864986416015]"
Cluster,8,Point,"[-4.2161226696490353, -7.4442851220868214]"
Cluster,8,Point,"[2.1155486826872894, -6.4459879536810245]"
Cluster,8,Point,"[-0.45453723391826412, -4.5150415263523405]"
Cluster,8,Point,"[-0.63321327589616339, -4.8412414646888067]"
Cluster,8,Point,"[-5.2848728485904717, -0.63600634121153266]"
Cluster,8,Point,"[-1.1876084846459476, -1.7072932883017433]"
Cluster,8,Point,"[-5.1580321464951613, -3.8502625343259558]"
Cluster,8,Point,"[-2.0048847823807217, -6.6575649276913982]"
Cluster,8,Point,"[3.1697702498813927, -7.5804788758634869]"
Cluster,8,Point,"[-4.0403813173648997, -3.514217052836099]"
Cluster,8,Point,"[-1.6783948922434553, -8.9834946058875627]"
Cluster,8,Point,"[-6.0287073256476722, -0.88934945997093817]"
Cluster,8,Point,"[-5.9473333127327423, -3.4961493466211246]"
Cluster,8,Point,"[-0.56439465525967214, -0.054384386271988161]"
Cluster,8,Point,"[2.2563379716558565, -9.297561494081787]"
Cluster,8,Point,"[1.2882579535389032, -4.4313705436256994]"
Cluster,8,Point,"[-2.0496927104375908, -8.5334346090387818]"
Cluster,8,Point,"[-3.6001750943288799, -5.6795250663665877]"
Cluster,8,Point,"[-7.0716848293232717, -10.231161121672297]"
Cluster,8,Point,"[-6.6918964507100043, -6.7869927494949245]"
Cluster,8,Point,"[-4.2866356830554517, -1.7123900092654678]"
Cluster,8,Point,"[-3.4079089846878903, -4.3467472701228722]"
Cluster,8,Point,"[-5.6105332963277474, -2.754359840906476]"
Cluster,8,Point,"[-8.777826538254029, -4.13191215964211]"
Cluster,8,Point,"[-8.2242948833850562, -6.4861264131799281]"
Cluster,8,Point,"[-7.807632282035728, -8.9999306894787363]"
Cluster,8,Point,"[-0.58327071989650237, -6.7166794602344009]"
Cluster,8,Point,"[-5.4131678309947207, -1.4881897363467678]"
Cluster,8,Point,"[-2.366280477516804, -10.447537244248487]"
Cluster,8,Point,"[-7.3421992408039696, -1.8747768729009759]"
Cluster,8,Point,"[-4.5851986524148955, -7.9262337559705918]"
Cluster,8,Point,"[-8.0048807623222409, -10.897774002977767]"
Cluster,8,Point,"[-6.0150498284248144, -3.2450460919210316]"
Cluster,8,Point,"[1.6063097445783356, -4.1045301453135972]"
Cluster,8,Point,"[-4.6343031615671872, -2.1535472079489524]"
Cluster,8,Point,"[0.23643068321942712, -5.8925518448601588]"
Cluster,8,Point,"[-7.5020986300813295, -3.2338021132872639]"
Cluster,8,Point,"[-0.92309091762382656, -3.0509651918651732]"
Cluster,8,Point,"[-4.4730106039298088, -7.0830387530052699]"
Cluster,8,Point,"[-6.8802464918440309, -8.3995056990437043]"
Cluster,8,Point,"[-0.75704366178880311, -3.2068502708323203]"
Cluster,8,Point,"[1.325711290837398, -5.9210750592060872]"
Cluster,8,Point,"[-6.5543524406273965, -3.350962995959522]"
Cluster,8,Point,"[-4.2885325378777219, -5.5217685817964854]"
Cluster,8,Point,"[-4.7330482307334618, -5.0110287137440226]"
Cluster,8,Point,"[-2.1902298407177101, -10.428407890604706]"
Cluster,8,Point,"[-4.3256614565745286, -4.5109183990900723]"
Cluster,8,Point,"[0.11320062701832997, -1.0711941807092065]"
Cluster,8,Point,"[-7.1383357214510132, -3.6945961089544865]"
Cluster,8,Point,"[-7.9022670054718898, -9.0652983789648509]"
Cluster,8,Point,"[-1.1072104109698919, -3.6368906310191069]"
Cluster,8,Point,"[1.1303146073432853, -3.4384102275927493]"
Cluster,8,Point,"[1.789071424554648, -5.648177343538495]"
Cluster,8,Point,"[-1.4815597885969352, -3.5616171640430059]"
Cluster,8,Point,"[0.24235108647985018, -4.3132844623532849]"
Cluster,8,Point,"[-8.6732536993752856, -5.8578409429368037]"
Cluster,8,Point,"[-8.8075951463806543, -8.5838494531358016]"
Cluster,8,Point,"[-9.1164042429171932, -10.185201034758251]"
Cluster,8,Point,"[-1.6215266213077189, -3.5624280839157727]"
Cluster,8,Point,"[-9.1170433562095745, -5.5403809127511003]"
Cluster,9,Point,"[-6.5702446199756714, 9.3479743880062003]"
Cluster,9,Point,"[-2.6711693761617776, 5.3635593721245458]"
Cluster,9,Point,"[-8.5666897830200579, -0.26671289880080523]"
Cluster,9,Point,"[-0.63867176934672787, 1.859723142212379]"
Cluster,9,Point,"[-8.5778488648495035, 6.1980005826209492]"
Cluster,9,Point,"[-0.84975517973544479, 5.4173573526467251]"
Cluster,9,Point,"[-4.1304419453679628, 9.3860045628222188]"
Cluster,9,Point,"[-8.4060731668979933, 5.9843007108517305]"
Cluster,9,Point,"[-3.0342224015195534, 0.45923361615912045]"
Cluster,9,Point,"[-0.41952588445462741, 4.3747108720011711]"
Cluster,9,Point,"[-1.6050391522412719, 1.4370938885830185]"
Cluster,9,Point,"[-11.437891013442767, 0.57917179455706269]"
Cluster,9,Point,"[-9.2485650344624091, 5.8264728622942155]"
Cluster,9,Point,"[-11.274169889163428, 1.7326871905385441]"
Cluster,9,Point,"[-7.6760571880072099, 4.0970127165987726]"
Cluster,9,Point,"[-6.8386244675266408, -0.48811258324676915]"
Cluster,9,Point,"[-8.8515880706658869, 2.7531351479967316]"
Cluster,9,Point,"[-7.4139267839576037, 2.4033510941780714]"
Cluster,9,Point,"[-5.1308179196386527, 3.3623254093991797]"
Cluster,9,Point,"[-0.77355089341263661, 6.4616855364297408]"
Cluster,9,Point,"[-4.2094152702520153, 1.5584919515894615]"
Cluster,9,Point,"[-6.6981221978771286, 4.6376730713504504]"
Cluster,9,Point,"[-3.4089665489788503, 7.9620759173513109]"
Cluster,9,Point,"[0.46745199679704147, 6.0761741340016338]"
Cluster,9,Point,"[-11.007545389170215, 3.6173998427105074]"
Cluster,9,Point,"[-5.8154731419798171, 6.9546309455679713]"
Cluster,9,Point,"[-7.1699195601422048, 6.105957667042178]"
Cluster,9,Point,"[-6.3874542502281573, 10.179407764738057]"
Cluster,9,Point,"[-6.163359769471497, 9.468467079492294]"
Cluster,9,Point,"[-5.6408572083090389, 7.6763757545069122]"
Cluster,9,Point,"[0.87449927083161327, 3.0141643304701322]"
Cluster,9,Point,"[-8.6782826360342451, 1.9036785474518494]"
Cluster,9,Point,"[-0.94255460751732767, 3.599422379996184]"
Cluster,9,Point,"[-0.99756434288645224, 4.5672726629118845]"
Cluster,9,Point,"[-4.1275354768083163, 2.2378523703248479]"
Cluster,9,Point,"[-4.7533688439957658, 0.0016996183595482431]"
Cluster,9,Point,"[-2.5512318875117317, 2.6501963156253168]"
Cluster,9,Point,"[-1.755725484246863, 2.2488370013405117]"
Cluster,9,Point,"[-10.832766990971026, 3.0082955106273985]"
Cluster,9,Point,"[-3.4925298434472656, 3.7154480859443644]"
Cluster,9,Point,"[-8.1202731183852741, -0.68006198182941713]"
Cluster,9,Point,"[-0.66242360684922241, 0.97348239754177157]"
Cluster,9,Point,"[-0.42800434854640135, 4.2351513963915917]"
Cluster,9,Point,"[-5.905404885311448, 9.5754985128523114]"
Cluster,9,Point,"[-5.8130753676126554, -0.20463626616561262]"
Cluster,9,Point,"[-7.5484787171353371, 3.038864962022894]"
Cluster,9,Point,"[-2.9394115651487205, 8.6374685244228839]"
Cluster,9,Point,"[0.75799145208200858, 4.0881695596375778]"
Cluster,9,Point,"[-4.0754366372933362, 5.9435961080225583]"
Cluster,9,Point,"[-7.6225254585020297, 4.2905771838344355]"
Cluster,9,Point,"[-7.9432611778977673, 1.6639189553174416]"
Cluster,9,Point,"[-2.9569016443669534, 6.9812189671734757]"
Cluster,9,Point,"[-4.0480384773483289, 0.23705607207739793]"
Cluster,9,Point,"[-6.2687613263092992, 8.1901402636173888]"
Cluster,9,Point,"[-9.6447454333480671, 3.2596268754034643]"
Cluster,9,Point,"[-2.3514115378254443, 0.4423202087865522]"
Cluster,9,Point,"[1.0698508882934039, 5.3453798994633042]"
Cluster,9,Point,"[-3.9181634809266299, 2.6675392013529882]"
Cluster,9,Point,"[-5.6824807904140782, 3.6316980460887835]"
Cluster,9,Point,"[-5.6731982127022773, 4.2994503605727772]"
Cluster,9,Point,"[-0.92893323246047155, 4.3552136781651845]"
Cluster,9,Point,"[-6.0400882181943842, 8.1188613031364234]"
Cluster,9,Point,"[-6.6661554294168308, 8.2086171296524437]"
Cluster,9,Point,"[-8.8553351241260465, -0.74473418621158183]"
Cluster,9,Point,"[-4.0247217928814267, 9.1418753668059534]"
Cluster,9,Point,"[-4.0532633920548831, 8.3321839266610045]"
Cluster,9,Point,"[-0.65314707791155735, 1.5579504389371104]"
Cluster,9,Point,"[-1.9649142381858136, 8.6367435507934243]"
Cluster,9,Point,"[-0.23128105992775372, 2.0292088386563281]"
Cluster,9,Point,"[-5.6130572483889205, 9.7746323189047146]"
Cluster,9,Point,"[0.84608171463000059, 7.5519471495792772]"
Cluster,9,Point,"[-3.6774010018801055, 4.2099686802218796]"
Cluster,9,Point,"[-5.4550201809512622, 5.2329970851047118]"
Cluster,9,Point,"[-7.4145141586444225, 8.7034744566794675]"
Cluster,9,Point,"[-0.83610747853853484, 0.71928026911640175]"
Cluster,9,Point,"[-1.0436813944329852, 5.6119620985095251]"
Cluster,9,Point,"[0.50553166639536251, 6.5175613617893768]"
Cluster,9,Point,"[-1.0206008701420719, 9.8942662000627362]"
Cluster,9,Point,"[0.62703550491175097, 6.6737118200763401]"
Cluster,9,Point,"[-7.7649405008317167, 3.2506943106436288]"
Cluster,9,Point,"[1.0424046631218489, 7.3114415660190026]"
Cluster,9,Point,"[-1.6708254216911655, 5.3236165149720165]"
Cluster,9,Point,"[-10.718948600863627, 3.5756062194522498]"
Cluster,9,Point,"[-8.3144807120159374, 5.7033265400987521]"
Cluster,9,Point,"[-8.1488950509764173, 4.7327024297082545]"
Cluster,9,Point,"[-2.0802831911526516, 3.7299048717659042]"
Cluster,9,Point,"[-5.8347157761789266, 5.8033523328992871]"
Cluster,9,Point,"[-3.3829523644770596, 7.1088579797444691]"
Cluster,9,Point,"[-0.37823843466064, 0.98023688013718402]"
Cluster,9,Point,"[-7.8295671898217805, 5.0932756535371384]"
Cluster,9,Point,"[-2.4241787411196567, 7.6116932676491134]"
Cluster,9,Point,"[2.3766239417349508, 8.4274594239874787]"
Cluster,9,Point,"[-3.3028817036007023, 8.2667577904250535]"
Cluster,9,Point,"[-0.78265842246505624, 6.1540823573252403]"
Cluster,9,Point,"[-0.69571243609458755, 5.4638198681351415]"
Cluster,9,Point,"[-7.5643785702199908, 0.74220639364402552]"
Cluster,9,Point,"[-1.7088498120483742, 6.3404262563503604]"
Cluster,9,Point,"[-4.0314705844532304, 3.4063286905074612]"
Cluster,9,Point,"[-6.0465032477360525, 7.7238805731102715]"
Cluster,9,Point,"[-6.8730490778026514, 9.1753437757069243]"
Cluster,9,Point,"[-8.5083975180793239, 5.8087209199714795]"
Cluster,9,Point,"[-7.9080020091391736, 6.645691859079359]"
Cluster,9,Point,"[-5.5711545854888946, 5.7297990101006855]"
Cluster,9,Point,"[-7.0431538111211758, 2.245234725823408]"
Cluster,9,Point,"[-0.3517167695454958, 7.2262824569046247]"
Cluster,9,Point,"[1.2579312055731129, 6.2789308543740452]"
Cluster,9,Point,"[-6.549552841917551, 11.048359474061954]"
Cluster,9,Point,"[-2.5877122253119991, 1.22285102808423]"
Cluster,9,Point,"[-6.8887947308995141, 1.2318239212778184]"
Cluster,9,Point,"[-1.7630952472933887, 1.3733416918103822]"
Cluster,9,Point,"[-8.5778520349949989, 6.9651158339903745]"
Cluster,9,Point,"[-4.8973130919820189, 0.85500834079767429]"
Cluster,9,Point,"[-5.4473464502370703, 1.576609342234101]"
Cluster,9,Point,"[-10.161949489545421, 5.0505555716901629]"
Cluster,9,Point,"[-3.7371530893022769, 0.99979366037021]"
Cluster,9,Point,"[-3.449567545482072, 1.7665667062428649]"
Cluster,9,Point,"[-2.0431263707246865, 4.8039507147361826]"
Cluster,9,Point,"[-2.2831194970060018, 0.29213666376838687]"
Cluster,9,Point,"[-1.3941911028947551, 7.4419919269042909]"
Cluster,9,Point,"[-6.7108282060526516, 2.6152772740623926]"
Cluster,9,Point,"[-3.6763946565836396, 7.3794011604933711]"
Cluster,9,Point,"[-1.5037121193848839, 7.5590479297076376]"
Cluster,9,Point,"[-2.2032252996669883, 4.4370234784609188]"
Cluster,9,Point,"[-6.5098254790759338, 6.1582060543968185]"
Cluster,9,Point,"[-4.2910784913755675, 6.4083229392110539]"
Cluster,9,Point,"[-2.9323165629315016, 6.345477263976548]"
Cluster,9,Point,"[-3.2168961869289165, 9.8938828581171432]"
Cluster,9,Point,"[-5.5285015658703829, 10.781840461483888]"
Cluster,9,Point,"[1.5006887967884723, 7.1853912019166897]"
Cluster,9,Point,"[-1.1492616389451806, 1.3590522414311657]"
Cluster,9,Point,"[1.3544366847169464, 6.7176510151052424]"
Cluster,9,Point,"[-0.33507566542060063, 2.8241866751909397]"
Cluster,9,Point,"[-1.7299479205063326, 8.8094238507095977]"
Cluster,9,Point,"[-9.2904813223478442, 2.821490340847665]"
Cluster,9,Point,"[-7.4347908798893112, 7.4869481370054158]"
Cluster,9,Point,"[-0.16485465155072132, 4.1544571798397953]"
Cluster,9,Point,"[-7.4176915383535054, 0.45604116871652339]"
Cluster,9,Point,"[-9.0794283336382318, 5.8026261250476203]"
Cluster,9,Point,"[-10.609643441922756, 1.5676294073247807]"
Cluster,9,Point,"[-9.7815949781639393, -0.6712477095481828]"
Cluster,9,Point,"[-8.2721231617357134, 6.1328067290521222]"
Cluster,9,Point,"[-3.0598055185816779, 7.0708965230546497]"
Cluster,9,Point,"[-3.7582181486327388, 6.8809677314790747]"
