Cluster,0,Point,"[0.44940914644466917, -17.908788052563118]"
Cluster,0,Point,"[-6.8734233620073235, -14.810615780077161]"
Cluster,0,Point,"[0.67591622526521233, -21.199044735989435]"
Cluster,0,Point,"[0.53281384259989051, -10.755661790024975]"
Cluster,0,Point,"[-1.8263884891873294, -14.42401198711198]"
Cluster,0,Point,"[-10.057237092881143, -26.005094631306534]"
Cluster,0,Point,"[4.2310348759477803, -13.988079853638409]"
Cluster,0,Point,"[3.6931722746245628, -15.740042398038643]"
Cluster,0,Point,"[0.08066654252949855, -16.889987910032676]"
Cluster,0,Point,"[-3.2808234423118758, -11.055130334580181]"
Cluster,0,Point,"[-5.0144369698944313, -19.452250778396941]"
Cluster,0,Point,"[-2.6058390514989265, -23.162928106869881]"
Cluster,0,Point,"[1.3944571596974551, -17.335804683645222]"
Cluster,0,Point,"[-7.0268746464869842, -18.104084853919112]"
Cluster,0,Point,"[1.0845550279888432, -9.2142553389538548]"
Cluster,0,Point,"[-4.2307750141667935, -17.217835361890035]"
Cluster,0,Point,"[-3.4708996992093786, -17.317663603447002]"
Cluster,0,Point,"[-0.47263040959512315, -17.563475932142886]"
Cluster,0,Point,"[-1.0798382259921715, -10.295857641270736]"
Cluster,0,Point,"[1.7027997178182157, -16.564684209561317]"
Cluster,0,Point,"[2.1205898498550555, -14.715443718673676]"
Cluster,0,Point,"[-3.5007015032866677, -16.142147686585428]"
Cluster,0,Point,"[-7.5382417793197369, -14.113470046974134]"
Cluster,0,Point,"[-4.3526982600878705, -15.699937135257469]"
Cluster,0,Point,"[-9.4047140891644769, -16.317635943371258]"
Cluster,0,Point,"[0.47868303414448998, -12.253918905326262]"
Cluster,0,Point,"[5.443275228534489, -17.226239290663617]"
Cluster,0,Point,"[3.6062853762926359, -12.79813979281624]"
Cluster,0,Point,"[-5.8580836095354529, -14.244130528743268]"
Cluster,0,Point,"[-1.5760144867887769, -13.98017019295564]"
Cluster,0,Point,"[3.7788489253281403, -19.91347537734779]"
Cluster,0,Point,"[3.4260175161937516, -10.089488934114655]"
Cluster,0,Point,"[2.5452870428631642, -13.286314056435023]"
Cluster,0,Point,"[3.5393141167610915, -15.732921295409989]"
Cluster,0,Point,"[5.8375857420027391, -16.451992868471269]"
Cluster,0,Point,"[3.8819009633409989, -14.876080939469311]"
Cluster,0,Point,"[-5.4420291711485955, -11.847415035935992]"
Cluster,0,Point,"[2.1763217828514199, -13.474364507712771]"
Cluster,0,Point,"[3.4686393440894707, -12.712504167649678]"
Cluster,0,Point,"[-9.2761737644868614, -21.225291354509842]"
Cluster,0,Point,"[-4.4642974021687714, -16.412707920871018]"
Cluster,0,Point,"[-4.146978471415613, -14.623253731959704]"
Cluster,0,Point,"[-1.8725872602826601, -15.195084962498452]"
Cluster,0,Point,"[-5.6699693725231137, -13.36826397124813]"
Cluster,0,Point,"[3.7810640262829365, -15.381043139713071]"
Cluster,0,Point,"[-0.070125050069232794, -9.2630484840292677]"
Cluster,0,Point,"[-0.67636802222686909, -19.669300030615094]"
Cluster,0,Point,"[-3.8699905525923639, -28.470613405626963]"
Cluster,0,Point,"[0.46945526099818718, -26.302915476405442]"
Cluster,0,Point,"[1.6328640949954065, -17.535817806372233]"
Cluster,0,Point,"[1.3343716050973535, -18.468173180138749]"
Cluster,0,Point,"[4.8012031244724342, -14.109829007044771]"
Cluster,0,Point,"[0.27608281257716855, -21.175020662879163]"
Cluster,0,Point,"[-7.0205334916034889, -14.429602537464085]"
Cluster,0,Point,"[-9.9412024136133272, -18.419371463907289]"
Cluster,0,Point,"[0.91097616710607565, -19.901332626358279]"
Cluster,0,Point,"[-0.51284460085768602, -10.371060371494034]"
Cluster,0,Point,"[-8.6007743726199219, -14.620581385139381]"
Cluster,0,Point,"[-0.33873171656740753, -10.420798416106049]"
Cluster,0,Point,"[1.731390548510372, -21.573942875331262]"
Cluster,0,Point,"[0.23042692133807474, -9.4714430696202019]"
Cluster,0,Point,"[2.9701325804758927, -29.391269828359651]"
Cluster,0,Point,"[-0.53486645686691725, -21.273978613838391]"
Cluster,0,Point,"[4.0993703869833666, -15.766107715690689]"
Cluster,0,Point,"[1.0356217555077039, -11.384946860135239]"
Cluster,0,Point,"[8.4442839714506341, -23.837192546011138]"
Cluster,0,Point,"[1.6237587333258328, -13.493190053854519]"
Cluster,0,Point,"[-1.4586812744955411, -12.408831524408871]"
Cluster,0,Point,"[3.3644212011632995, -27.975907896834347]"
Cluster,0,Point,"[2.2434968787271821, -9.6481225019439307]"
Cluster,0,Point,"[1.7845821818480199, -17.623062786940004]"
Cluster,0,Point,"[-7.597961125694769, -16.212625817121392]"
Cluster,0,Point,"[0.55990644912213505, -12.255461468646535]"
Cluster,0,Point,"[2.0172339464531923, -19.752710206682455]"
Cluster,0,Point,"[0.44255304070029172, -15.371881973642278]"
Cluster,0,Point,"[1.2114411698990843, -11.802888756957895]"
Cluster,0,Point,"[-4.8585070841078366, -13.524448963556628]"
Cluster,0,Point,"[-1.9557142112844779, -10.873527976043304]"
Cluster,0,Point,"[5.1395865121528539, -18.773459270491198]"
Cluster,0,Point,"[0.87518607984935959, -13.853556035993876]"
Cluster,0,Point,"[2.3056683099277913, -10.302230235606906]"
Cluster,0,Point,"[8.9951926412032144, -22.230585302853022]"
Cluster,0,Point,"[-3.7787960700792329, -16.565127313391482]"
Cluster,0,Point,"[-3.7007990436176232, -12.614706764962202]"
Cluster,0,Point,"[0.34337214818482314, -10.576170399214213]"
Cluster,0,Point,"[-0.91874918389631333, -15.42427303860125]"
Cluster,0,Point,"[8.014671759839942, -32.67374410683523]"
Cluster,0,Point,"[-12.969450354040063, -23.593941082143495]"
Cluster,0,Point,"[-6.5700771354414691, -16.131779588989421]"
Cluster,0,Point,"[4.6722990178301718, -14.396458775438086]"
Cluster,0,Point,"[1.4800795690388373, -11.302002157112849]"
Cluster,0,Point,"[-1.3298075433055683, -11.019930020584409]"
Cluster,0,Point,"[0.23491656275403586, -9.8157009594336326]"
Cluster,1,Point,"[6.6370297665733835, -15.75576866269429]"
Cluster,1,Point,"[12.979411940015609, -5.3389222877105205]"
Cluster,1,Point,"[4.8705570197129298, -11.281371824691711]"
Cluster,1,Point,"[6.0237396290499916, -14.867523807352116]"
Cluster,1,Point,"[9.3496577432406642, -4.3314888526333641]"
Cluster,1,Point,"[14.521407987762259, -16.471642752318914]"
Cluster,1,Point,"[6.0165269204749352, -10.251480938755089]"
Cluster,1,Point,"[8.4696330167983511, -4.7629089875350523]"
Cluster,1,Point,"[11.40494805281441, -3.684301873101119]"
Cluster,1,Point,"[14.898678939594838, -8.2645078282748514]"
Cluster,1,Point,"[15.068959674492655, -6.2158295927540532]"
Cluster,1,Point,"[7.6755834792956605, -15.447230690031155]"
Cluster,1,Point,"[9.4696456600848187, -5.0862755472397012]"
Cluster,1,Point,"[10.797091016843583, -4.5327066284266273]"
Cluster,1,Point,"[9.3991998109097032, -18.908712316531016]"
Cluster,1,Point,"[10.27615016946886, -3.6019952482224191]"
Cluster,1,Point,"[33.529294811902027, -14.613083976561329]"
Cluster,1,Point,"[10.678844721769003, -16.415711654675675]"
Cluster,1,Point,"[11.858758285548889, -8.5997591421503934]"
Cluster,1,Point,"[9.6847182483366687, -5.162788842293744]"
Cluster,1,Point,"[7.0145600896894136, -10.953400524186371]"
Cluster,1,Point,"[11.703400936979548, -7.1394365285980506]"
Cluster,1,Point,"[9.4578963459324044, -5.7870735004707736]"
Cluster,1,Point,"[12.185031958212917, -17.16736669960834]"
Cluster,1,Point,"[6.6385673869758435, -13.391098416796456]"
Cluster,1,Point,"[12.1088490285681, -12.130190222091205]"
Cluster,1,Point,"[14.644810860971752, -6.4987533506408601]"
Cluster,1,Point,"[15.685730851539098, -6.8548504055253145]"
Cluster,1,Point,"[3.6574882463934912, -8.1585907641666324]"
Cluster,1,Point,"[11.824145722674448, -6.0034586966771695]"
Cluster,1,Point,"[7.6175410667747743, -11.33704117083791]"
Cluster,1,Point,"[9.5137561823851335, -18.334578673641857]"
Cluster,1,Point,"[12.70197756306503, -11.671800894548181]"
Cluster,1,Point,"[8.8816276385381414, -9.4734851009843286]"
Cluster,1,Point,"[11.822137809980834, -14.746224263894891]"
Cluster,1,Point,"[9.6044851332648431, -9.7144314396521683]"
Cluster,1,Point,"[9.3519323719707828, -9.0071364743226585]"
Cluster,1,Point,"[5.9830483918215531, -9.2781677910436589]"
Cluster,1,Point,"[17.03595661677727, -9.2970950017764054]"
Cluster,1,Point,"[7.2287775211777472, -6.0279653265636854]"
Cluster,1,Point,"[20.148871908400331, -9.3012094928780762]"
Cluster,1,Point,"[8.3556998970270726, -10.855167136423855]"
Cluster,1,Point,"[16.866442116973527, -10.95237522031889]"
Cluster,1,Point,"[24.868365450428428, -12.377454474664509]"
Cluster,1,Point,"[7.5688573646104498, -8.6253048678822424]"
Cluster,1,Point,"[8.9904957566095192, -6.9861891715811382]"
Cluster,1,Point,"[20.119405043847518, -6.5423187692860676]"
Cluster,1,Point,"[18.493761954806502, -13.165050348659101]"
Cluster,1,Point,"[9.0307194339289687, -10.528668921674978]"
Cluster,1,Point,"[9.6994185780729865, -10.752810154384031]"
Cluster,1,Point,"[12.612780698703457, -5.7360181019393197]"
Cluster,1,Point,"[14.865515862810767, -22.127096277726785]"
Cluster,1,Point,"[9.9650721319082933, -10.626422687661872]"
Cluster,1,Point,"[17.405566682366864, -7.9980523158491277]"
Cluster,1,Point,"[8.5859738972058697, -11.563190987699716]"
Cluster,1,Point,"[9.2637413616461934, -6.7114076417695223]"
Cluster,1,Point,"[17.064234476912276, -10.406585528645335]"
Cluster,1,Point,"[11.075620491866937, -4.7022398485961343]"
Cluster,1,Point,"[8.5136376575663562, -11.122212834510858]"
Cluster,1,Point,"[11.620190975944473, -7.950793921291897]"
Cluster,1,Point,"[19.442566346024094, -6.3398463849915121]"
Cluster,1,Point,"[9.4593888425504584, -6.7917013872732115]"
Cluster,1,Point,"[4.4416106129034469, -11.129214775971185]"
Cluster,1,Point,"[12.364331244940857, -9.6008540808193636]"
Cluster,1,Point,"[7.0546203095158457, -15.229984004879203]"
Cluster,1,Point,"[7.3474658539324853, -12.39416568035649]"
Cluster,1,Point,"[18.592028115828846, -9.0725599414359372]"
Cluster,1,Point,"[14.128651383572022, -5.0197823205212]"
Cluster,1,Point,"[5.1871964524327998, -9.2420307774208528]"
Cluster,1,Point,"[10.136217989852792, -9.1676744064357791]"
Cluster,1,Point,"[13.375457396208208, -15.750408327933512]"
Cluster,1,Point,"[10.106179106038075, -4.1712288005568974]"
Cluster,1,Point,"[17.700027421961519, -19.365321493135962]"
Cluster,1,Point,"[14.043695175880625, -9.4554957463759575]"
Cluster,1,Point,"[20.341261847916211, -6.8191429025252379]"
Cluster,1,Point,"[9.2215339151247804, -9.6848906557852015]"
Cluster,1,Point,"[8.1582845480265398, -16.535072406627066]"
Cluster,1,Point,"[14.402780265260731, -17.077697984560874]"
Cluster,1,Point,"[5.918286218105413, -13.280123349785091]"
Cluster,1,Point,"[4.7647734598354212, -9.6628697617819821]"
Cluster,1,Point,"[12.054813224798377, -6.3173640663558501]"
Cluster,1,Point,"[8.0287345403684949, -6.8669316795575597]"
Cluster,1,Point,"[14.598664649406958, -5.6039325396644273]"
Cluster,1,Point,"[8.7599445019781026, -11.627393351855115]"
Cluster,1,Point,"[8.3796674056703804, -7.3831880157585159]"
Cluster,1,Point,"[17.72897927170925, -15.524532390356473]"
Cluster,1,Point,"[3.8610777775273073, -9.313492506975189]"
Cluster,1,Point,"[10.356879968640909, -18.301744814829377]"
Cluster,1,Point,"[19.016513453870751, -18.760543836831754]"
Cluster,1,Point,"[19.075923940582239, -11.568847492265792]"
Cluster,1,Point,"[10.712270749799565, -4.1108095178741006]"
Cluster,1,Point,"[10.776382414503136, -10.902150572193037]"
Cluster,1,Point,"[6.3857862305212105, -10.253677480800388]"
Cluster,1,Point,"[8.5351921594555495, -19.831211146398417]"
Cluster,2,Point,"[-24.755541503989829, 7.6831217885318566]"
Cluster,2,Point,"[-17.822869698744633, 2.551451725329744]"
Cluster,2,Point,"[-15.156892200214038, 1.5751203295036496]"
Cluster,2,Point,"[-14.261242931926768, 4.4025507893323139]"
Cluster,2,Point,"[-13.717719372679833, 6.4252019354392829]"
Cluster,2,Point,"[-17.733112141464087, -0.7932962368012475]"
Cluster,2,Point,"[-14.611325880101733, 8.236342391567625]"
Cluster,2,Point,"[-20.871861665347915, 1.5715814545733582]"
Cluster,2,Point,"[-22.187909291727443, 16.321469829608276]"
Cluster,2,Point,"[-30.633069648021852, 6.0352618511398237]"
Cluster,2,Point,"[-22.83116393818986, 10.106040330634096]"
Cluster,2,Point,"[-18.57009763461479, 7.3277326915328134]"
Cluster,2,Point,"[-17.050705356451552, 1.8650079082955218]"
Cluster,2,Point,"[-17.726864881007316, 2.8273580957234912]"
Cluster,2,Point,"[-26.106293446175791, 6.2391385362576148]"
Cluster,2,Point,"[-15.31349153011284, 4.8483611269515219]"
Cluster,2,Point,"[-20.442667894644497, 4.5732379895373318]"
Cluster,2,Point,"[-21.986105754676736, 5.8581296954128961]"
Cluster,2,Point,"[-16.050776689270656, 7.5311645957784146]"
Cluster,2,Point,"[-29.45191471550805, 4.8043885332089316]"
Cluster,2,Point,"[-18.823867148659076, 4.0462341542254023]"
Cluster,2,Point,"[-16.365816434400443, 1.6864661356867969]"
Cluster,2,Point,"[-14.357413582510542, 4.1853329722293182]"
Cluster,2,Point,"[-22.469865466556129, 2.0867285355825267]"
Cluster,2,Point,"[-16.06408824755896, 10.288010047259457]"
Cluster,2,Point,"[-15.611204350451015, 13.220323223955738]"
Cluster,2,Point,"[-20.778682933898537, 18.348568556577455]"
Cluster,2,Point,"[-22.441557195665581, 6.1119089252773033]"
Cluster,2,Point,"[-21.439878415594919, 18.133397979737317]"
Cluster,2,Point,"[-14.923817253570569, 4.9738778539752895]"
Cluster,2,Point,"[-16.9391831486573, 7.125017293439047]"
Cluster,2,Point,"[-29.13422443209177, 4.5619348588872493]"
Cluster,2,Point,"[-19.714319697509357, 4.5059285170692167]"
Cluster,2,Point,"[-20.311345528974879, 10.658762898379967]"
Cluster,2,Point,"[-17.469761776610106, 12.301516019656569]"
Cluster,2,Point,"[-22.602272275594562, 6.8411450419530242]"
Cluster,2,Point,"[-26.474989935223306, 18.316216316128433]"
Cluster,2,Point,"[-14.61157492191186, 5.2087555088172728]"
Cluster,2,Point,"[-17.15024622307779, 4.5774939498427738]"
Cluster,3,Point,"[6.1154457873799748, 5.7313028766265557]"
Cluster,3,Point,"[7.3718223476617242, 9.4209408176237162]"
Cluster,3,Point,"[1.8242205445364474, 14.942372638726599]"
Cluster,3,Point,"[14.580619127245406, 16.091466749531453]"
Cluster,3,Point,"[8.8936621915576772, 7.5268800824584563]"
Cluster,3,Point,"[9.7646299338374813, 10.229012120657064]"
Cluster,3,Point,"[6.7147432014150779, 10.238592548368095]"
Cluster,3,Point,"[9.2347822565700977, 8.2742827489164803]"
Cluster,3,Point,"[11.715570237383838, 9.5525809846744298]"
Cluster,3,Point,"[3.4064827554703454, 8.2582967719488902]"
Cluster,3,Point,"[4.4418958129678723, 5.9015087139679645]"
Cluster,3,Point,"[13.449980184440502, 17.025335104348102]"
Cluster,3,Point,"[1.5082051411291231, 6.434404518035775]"
Cluster,3,Point,"[4.5855863108972548, 9.9099263954443408]"
Cluster,3,Point,"[1.429428313612495, 7.4307347475523144]"
Cluster,3,Point,"[7.1859555463061326, 13.414433923055364]"
Cluster,3,Point,"[1.8703747786506051, 6.648600007184168]"
Cluster,3,Point,"[10.162039781525662, 21.606883177212875]"
Cluster,3,Point,"[1.837411457580084, 10.947907227593332]"
Cluster,3,Point,"[6.6994311089579215, 9.2790016450445645]"
Cluster,3,Point,"[5.1724041840606443, 6.5670262706997953]"
Cluster,3,Point,"[-1.6663441246978816, 11.536760140228647]"
Cluster,3,Point,"[16.842918548076739, 17.025680249489703]"
Cluster,3,Point,"[-1.0034037550826027, 8.5517555229704421]"
Cluster,3,Point,"[11.516194896983098, 19.137755968201905]"
Cluster,3,Point,"[1.8432463564063994, 12.682594307336611]"
Cluster,3,Point,"[-0.56328169817213058, 10.521690009837293]"
Cluster,3,Point,"[-1.8574071458994772, 9.5624766994884354]"
Cluster,3,Point,"[5.5412828804873229, 6.8183044568350271]"
Cluster,3,Point,"[13.840990823161921, 21.851193857974287]"
Cluster,3,Point,"[4.226595957070562, 7.4750322677523773]"
Cluster,3,Point,"[4.6348984817947194, 9.3065849648549985]"
Cluster,3,Point,"[-0.46952272373009779, 7.6084957208515025]"
Cluster,3,Point,"[1.360714277659234, 8.1149940446467301]"
Cluster,3,Point,"[1.1228518319862311, 6.9442137027609085]"
Cluster,3,Point,"[-0.53142308685072093, 6.9067336857216528]"
Cluster,3,Point,"[4.2644134863013496, 11.027933017413527]"
Cluster,3,Point,"[9.6315304488490412, 11.417239396352809]"
Cluster,3,Point,"[4.1580439344299256, 12.127628224811398]"
Cluster,3,Point,"[0.028247729656755337, 7.3633800340884896]"
Cluster,3,Point,"[3.4964788199606653, 16.130487566307671]"
Cluster,3,Point,"[2.4749950760877417, 7.9495066149878966]"
Cluster,3,Point,"[-1.1906750145224048, 11.895236337569912]"
Cluster,3,Point,"[5.8177708501651191, 12.380719297137368]"
Cluster,3,Point,"[10.436021408871079, 7.599534881737382]"
Cluster,3,Point,"[10.335765504222787, 14.102444235146454]"
Cluster,3,Point,"[8.2623221876666832, 14.503826455635956]"
Cluster,3,Point,"[4.245665681244196, 7.8630836228581069]"
Cluster,3,Point,"[2.118927052948341, 9.6534465385740855]"
Cluster,3,Point,"[-2.0994999381405504, 10.140429527266281]"
Cluster,3,Point,"[0.8039433004644605, 7.1112960601184882]"
Cluster,3,Point,"[5.0152818505292664, 16.818903194382131]"
Cluster,3,Point,"[0.75620749954098199, 14.449066955480852]"
Cluster,3,Point,"[2.0827494614238589, 10.359199568436058]"
Cluster,3,Point,"[4.9803719186284487, 13.244927475948963]"
Cluster,3,Point,"[2.3355877334663999, 9.8380458908885409]"
Cluster,3,Point,"[3.3199161664579142, 11.718636244446824]"
Cluster,3,Point,"[2.9071106089393912, 17.211276991749809]"
Cluster,3,Point,"[4.2781276435064299, 10.399766270108238]"
Cluster,3,Point,"[4.7159732741504126, 9.870427402927481]"
Cluster,3,Point,"[6.5059226807367052, 8.2386563094292686]"
Cluster,3,Point,"[3.0736461430450612, 11.107400758945881]"
Cluster,3,Point,"[0.70267343407433303, 8.9809966263842345]"
Cluster,3,Point,"[-0.056579311265022712, 8.202489683428098]"
Cluster,3,Point,"[5.3860340654501835, 12.556551580656759]"
Cluster,3,Point,"[11.570169598059, 9.1989814444793581]"
Cluster,3,Point,"[4.2806917237315627, 7.0495308128777712]"
Cluster,3,Point,"[6.5176426349370082, 11.380558701992037]"
Cluster,3,Point,"[8.1337040301198424, 11.103373123616976]"
Cluster,3,Point,"[6.0498316824175298, 16.682959002185484]"
Cluster,3,Point,"[7.2186298950977204, 15.866061430169037]"
Cluster,3,Point,"[6.6019088191215509, 7.2954142595812019]"
Cluster,3,Point,"[0.093342925663977894, 10.070341755498317]"
Cluster,3,Point,"[-1.3485071288606267, 12.523080412843317]"
Cluster,3,Point,"[2.155729393133448, 5.9932666912904784]"
Cluster,3,Point,"[10.695817849063211, 12.053935359287706]"
Cluster,3,Point,"[8.2833216576188011, 8.7914555930717313]"
Cluster,3,Point,"[-0.14288541467268118, 10.353043771643824]"
Cluster,3,Point,"[7.3557974416590959, 17.343919080945327]"
Cluster,3,Point,"[-0.14896243645962665, 8.4912641511109896]"
Cluster,3,Point,"[9.7908163904002201, 20.998364391037526]"
Cluster,3,Point,"[-1.0992219643641037, 8.8917645698318246]"
Cluster,3,Point,"[5.2349008322743416, 9.8358523566695748]"
Cluster,3,Point,"[8.6850210123897256, 9.8270293249180263]"
Cluster,3,Point,"[5.1521515986700894, 19.543995448359183]"
Cluster,3,Point,"[11.436978914045357, 17.663507653270024]"
Cluster,3,Point,"[3.9603983954295465, 8.4924961774585519]"
Cluster,3,Point,"[7.9219765005815095, 6.6269044944374036]"
Cluster,3,Point,"[-0.82296990813278859, 13.337498242851698]"
Cluster,3,Point,"[7.8861632051972306, 13.235857779866009]"
Cluster,3,Point,"[9.6663126967365027, 18.932874693546097]"
Cluster,3,Point,"[4.9094735115662225, 18.104168115556899]"
Cluster,3,Point,"[2.6675732827319165, 11.266161120389729]"
Cluster,3,Point,"[-1.3155436988163614, 9.5728525887419238]"
Cluster,3,Point,"[7.2430478454088938, 6.120107487930678]"
Cluster,3,Point,"[15.695540567341183, 16.056465907450566]"
Cluster,3,Point,"[7.2817839531944104, 7.5105557488867047]"
Cluster,3,Point,"[-0.62839933057024444, 10.396250699463412]"
Cluster,3,Point,"[7.9991226517295981, 12.259972708909457]"
Cluster,3,Point,"[3.4062940055417252, 9.5641150929656131]"
Cluster,3,Point,"[1.7706499170055825, 15.208424576574231]"
Cluster,3,Point,"[7.0147534775669671, 7.0914467131387688]"
Cluster,3,Point,"[2.4803595722110332, 9.5011303341378746]"
Cluster,3,Point,"[5.9219357900824434, 15.644749438691337]"
Cluster,3,Point,"[2.9956512649690996, 9.6478239070166101]"
Cluster,3,Point,"[1.8490206496292292, 10.404688109521352]"
Cluster,3,Point,"[9.0598323142978252, 5.4767011818627855]"
Cluster,3,Point,"[7.8072335206653918, 11.703483283684699]"
Cluster,3,Point,"[4.4093244469276991, 16.47131802247014]"
Cluster,3,Point,"[5.7389554926585475, 8.0030490574488304]"
Cluster,3,Point,"[3.5258885498546562, 9.7006077339906902]"
Cluster,3,Point,"[9.1847754786187163, 29.993155387609477]"
Cluster,3,Point,"[0.239415053002626, 9.6185782292594926]"
Cluster,3,Point,"[9.6149061709319756, 8.5962116128265222]"
Cluster,3,Point,"[8.061638648180109, 12.966862517382484]"
Cluster,3,Point,"[13.514283831802594, 25.480953665014383]"
Cluster,3,Point,"[0.68915444522324876, 11.028355562714804]"
Cluster,3,Point,"[8.1522861204568091, 6.4597776579813324]"
Cluster,3,Point,"[5.2914506921015274, 8.5616209433177666]"
Cluster,3,Point,"[-0.11146637034033234, 8.753186498655559]"
Cluster,3,Point,"[11.438741270555804, 16.816221037913522]"
Cluster,3,Point,"[8.8767568551418794, 7.9010902446419342]"
Cluster,3,Point,"[7.4546979870687213, 12.187502633669869]"
Cluster,4,Point,"[-14.180984779740434, -9.8439955156852843]"
Cluster,4,Point,"[-11.017507689972303, -11.818485306419348]"
Cluster,4,Point,"[-22.336772161011233, -8.4446141294558217]"
Cluster,4,Point,"[-13.562916988186775, -7.1714302197522937]"
Cluster,4,Point,"[-13.471438763116513, -5.5440564500596032]"
Cluster,4,Point,"[-17.523996456152005, -4.298429628313249]"
Cluster,4,Point,"[-15.853768083503876, -10.751604631209119]"
Cluster,4,Point,"[-23.184016897316418, -6.7354992002525558]"
Cluster,4,Point,"[-20.173787306813967, -3.0762305320367216]"
Cluster,4,Point,"[-9.9069039660878389, -13.41095263107283]"
Cluster,4,Point,"[-13.565450814164738, -19.287920875371498]"
Cluster,4,Point,"[-11.863543253109992, -11.289468915437538]"
Cluster,4,Point,"[-15.39527378755437, -1.298258078494605]"
Cluster,4,Point,"[-21.032918908715487, -6.3974745199445735]"
Cluster,4,Point,"[-13.170726774414081, -5.1124541576155629]"
Cluster,4,Point,"[-19.110244173496113, -24.989308683928293]"
Cluster,4,Point,"[-13.184118085093189, -8.9007462695526556]"
Cluster,4,Point,"[-9.3462401337739198, -13.073178823113619]"
Cluster,4,Point,"[-11.650963874012039, -8.8799845842170289]"
Cluster,4,Point,"[-27.347602198808275, -5.8689849739926956]"
Cluster,4,Point,"[-11.435486706343189, -18.282570552783259]"
Cluster,4,Point,"[-13.977783459622874, -14.458447205573702]"
Cluster,4,Point,"[-13.325350050332414, -11.704787962479987]"
Cluster,4,Point,"[-14.78758825929372, -3.2643139219450883]"
Cluster,4,Point,"[-16.147221713057348, -5.2077199050403546]"
Cluster,4,Point,"[-17.374425730303294, -8.8494174203026503]"
Cluster,4,Point,"[-16.576700596976039, -7.4564291849436071]"
Cluster,4,Point,"[-9.9857600315538484, -12.149634281186092]"
Cluster,4,Point,"[-14.821088880378353, -9.9190516741165613]"
Cluster,4,Point,"[-13.792281981769301, -9.3130265512548025]"
Cluster,4,Point,"[-10.963357018000064, -15.037696052205421]"
Cluster,4,Point,"[-11.837152336450087, -7.3639548712939193]"
Cluster,4,Point,"[-17.765409902224793, -19.372015036429186]"
Cluster,4,Point,"[-10.559163480654036, -13.134171607677036]"
Cluster,4,Point,"[-14.196275270687902, -9.4923520082599815]"
Cluster,4,Point,"[-16.057327168574552, -12.757003200158179]"
Cluster,4,Point,"[-16.151256590399253, -5.6722878593170414]"
Cluster,4,Point,"[-14.971160567188464, -0.78030836092434863]"
Cluster,4,Point,"[-20.481138728284915, -1.6729919037976235]"
Cluster,4,Point,"[-13.254809932495935, -10.561395142494385]"
Cluster,4,Point,"[-11.217562885069503, -11.606666022389547]"
Cluster,4,Point,"[-19.983957955906178, -8.3388385261668621]"
Cluster,4,Point,"[-19.931460171315535, -4.3880000000008836]"
Cluster,4,Point,"[-16.725560364874823, -6.759296243044135]"
Cluster,4,Point,"[-19.570519739558204, -8.8430499816481785]"
Cluster,4,Point,"[-10.994288526304622, -11.053629940813485]"
Cluster,4,Point,"[-15.347857746198603, -7.3951400247510488]"
Cluster,4,Point,"[-15.383764629279719, -0.62828033276170214]"
Cluster,4,Point,"[-12.095795328401657, -13.043184115137585]"
Cluster,4,Point,"[-20.28352494407256, -13.070054023728691]"
Cluster,4,Point,"[-11.671865440408569, -6.9968685805188278]"
Cluster,4,Point,"[-14.940604745466688, -4.9249884110942102]"
Cluster,4,Point,"[-18.042681147764881, -13.563003897520453]"
Cluster,4,Point,"[-15.787960411152667, -2.9926336780976608]"
Cluster,4,Point,"[-12.71058493439206, -2.6277795885571429]"
Cluster,4,Point,"[-36.223206380402864, -9.8791967627687143]"
Cluster,4,Point,"[-18.212988272029666, -7.5183971221201107]"
Cluster,4,Point,"[-11.536529490207384, -7.6383185990464888]"
Cluster,5,Point,"[-1.9202763493806554, 6.9416441248501703]"
Cluster,5,Point,"[-9.5193201006537862, 9.925268459876591]"
Cluster,5,Point,"[-6.498015737036785, 1.679667506445228]"
Cluster,5,Point,"[-2.5867790313947694, 6.4058265699925618]"
Cluster,5,Point,"[-5.28614799006382, 6.0259494573922554]"
Cluster,5,Point,"[-4.5478487139521668, 9.8095623962020397]"
Cluster,5,Point,"[-5.1626834768221013, 2.909261102372533]"
Cluster,5,Point,"[-8.9378599412505739, 2.666517318841382]"
Cluster,5,Point,"[-10.971917004961087, 3.804735044012082]"
Cluster,5,Point,"[-10.668927232379007, 0.016590425902133863]"
Cluster,5,Point,"[-2.845003197500664, 3.8068286494765258]"
Cluster,5,Point,"[-13.101634035316332, 3.740584003485885]"
Cluster,5,Point,"[-3.2459505068023349, 3.9965596337886478]"
Cluster,5,Point,"[-3.337566916105168, 7.1214108266177654]"
Cluster,5,Point,"[-9.3585537340471241, 6.455123373906055]"
Cluster,5,Point,"[-11.158234634306801, 6.3474932322007689]"
Cluster,5,Point,"[-4.1817157876637649, 9.6266411988743741]"
Cluster,5,Point,"[-9.1759467556269385, 3.2765443086274004]"
Cluster,5,Point,"[-4.0331706809340693, 5.5640643033715023]"
Cluster,5,Point,"[-4.0374741828228533, 6.2321438045260544]"
Cluster,5,Point,"[-14.099696481201542, 2.0855348231766628]"
Cluster,5,Point,"[-1.9439222512781205, 8.221602273609502]"
Cluster,5,Point,"[-6.3499479778372425, 0.64899386284250238]"
Cluster,5,Point,"[-9.6246159880609898, 9.4319524505912931]"
Cluster,5,Point,"[-13.950240644612375, -0.096651825870393809]"
Cluster,5,Point,"[-2.7725044440880238, 7.8891610795526663]"
Cluster,5,Point,"[-11.279611394360419, 8.526618106815981]"
Cluster,5,Point,"[-10.946555543979397, 1.7696538523522485]"
Cluster,5,Point,"[-6.325275285704441, 8.6382476337500069]"
Cluster,5,Point,"[-8.6099029825801168, 7.5191856400239043]"
Cluster,5,Point,"[-11.683627512707792, 4.9377182881008244]"
Cluster,5,Point,"[-2.2148504181207045, 2.3872110788998397]"
Cluster,5,Point,"[-1.6130161101375928, 5.591205444655813]"
Cluster,5,Point,"[-11.857431185461603, 6.0158921626534081]"
Cluster,5,Point,"[-6.5604472561458174, 2.2949850739732587]"
Cluster,5,Point,"[-10.670812200614998, 2.4242579479233384]"
Cluster,5,Point,"[-10.310736541180752, 10.386833937408449]"
Cluster,5,Point,"[-5.0392918683100607, 0.42597068228765889]"
Cluster,5,Point,"[-3.0478139473321431, 8.01214839773208]"
Cluster,5,Point,"[-6.8580096358186875, 0.50200577553700976]"
Cluster,5,Point,"[-13.501047811022959, 6.3359888841551237]"
Cluster,5,Point,"[-10.65939223214977, 9.4995772202400097]"
Cluster,5,Point,"[-13.662942852907706, 1.9223088163755595]"
Cluster,5,Point,"[-1.8968460338832918, 7.4769088058630153]"
Cluster,5,Point,"[-8.2537859047070192, 9.7075644495229447]"
Cluster,5,Point,"[-3.3881620999906348, 8.6087849441506918]"
Cluster,5,Point,"[-9.4501927930118192, 7.6859141886218474]"
Cluster,5,Point,"[-9.1054687700247321, 8.81479989505773]"
Cluster,5,Point,"[-10.599555066532618, 10.768380887847142]"
Cluster,5,Point,"[-1.0685676140144493, 6.1919376842058158]"
Cluster,5,Point,"[-9.9832315174797923, 5.0673538670584959]"
Cluster,5,Point,"[-8.2476801988608557, 6.6297038305652265]"
Cluster,5,Point,"[-2.697686073750567, 3.631533920251214]"
Cluster,5,Point,"[-9.3836458172472401, 3.1141152922206103]"
Cluster,5,Point,"[-8.3247089705297892, -0.031301965549664058]"
Cluster,5,Point,"[-3.978293211757697, 2.4332310486840201]"
Cluster,5,Point,"[-6.3344262855013236, 6.3535265583986797]"
Cluster,5,Point,"[-12.533514858973549, -0.4111610240468177]"
Cluster,5,Point,"[-7.1024011229852535, 6.5686908536358715]"
Cluster,5,Point,"[-11.42201447923415, 0.15897306916735338]"
Cluster,5,Point,"[-7.9545021915092313, 5.7156613950836768]"
Cluster,5,Point,"[-8.6785719906916565, 6.5026758077679458]"
Cluster,5,Point,"[-10.411747470464274, 9.2869746974393443]"
Cluster,5,Point,"[-8.9623461332054362, 6.6359744059179917]"
Cluster,5,Point,"[-14.171670337233289, 1.3434782759276738]"
Cluster,5,Point,"[-5.1848646580713424, 9.5021105896703357]"
Cluster,5,Point,"[-8.0438633237973818, 6.5372293836428081]"
Cluster,5,Point,"[-5.2733160524319347, 6.1121689526202738]"
Cluster,5,Point,"[-1.1545853549965712, 5.7531182236021126]"
Cluster,5,Point,"[-3.619468416688072, 5.7043744510203576]"
Cluster,5,Point,"[-10.440300195959527, 4.8652603062492128]"
Cluster,5,Point,"[-9.6195330588105534, 8.1942125260552139]"
Cluster,5,Point,"[-3.2449584692670252, 3.1122110852644314]"
Cluster,5,Point,"[-2.8351719464036234, 8.0621301530939729]"
Cluster,5,Point,"[-1.7117750926318933, 4.3145625147025406]"
Cluster,5,Point,"[-11.305815713634587, 6.8478944147704741]"
Cluster,5,Point,"[-13.562721538621449, 2.1121024791420111]"
Cluster,5,Point,"[-10.58049992475439, 9.5448985229216738]"
Cluster,5,Point,"[-4.3225224296465807, 2.2816990201698508]"
Cluster,5,Point,"[-6.2118222976646189, 1.7987998576843149]"
Cluster,5,Point,"[-7.1868674525413478, 2.6372223545988334]"
Cluster,5,Point,"[-8.3303042506669485, 0.41975148213023222]"
Cluster,5,Point,"[-7.7240910664800042, 9.3935417628999129]"
Cluster,5,Point,"[-5.0180129015790387, 0.2168801504252553]"
Cluster,5,Point,"[-11.981727515439541, 2.7662378720813958]"
Cluster,5,Point,"[-9.127995534594449, 7.1328312575671591]"
Cluster,5,Point,"[-8.7587668371792038, 0.91156455854216289]"
Cluster,5,Point,"[-6.3195365978782831, 4.5813832281961107]"
Cluster,5,Point,"[-4.4630645566754694, 8.2420359086470434]"
Cluster,5,Point,"[-5.0061135800681269, 1.2850620088059888]"
Cluster,5,Point,"[-6.2844532598057938, 3.8310600028460398]"
Cluster,5,Point,"[-7.9703577941136148, 6.3212336445536828]"
Cluster,5,Point,"[-8.4295426026856486, 10.837615356551044]"
Cluster,5,Point,"[-14.159398565706127, 0.76851032341377579]"
Cluster,5,Point,"[-10.811174949953003, 1.9629773753214164]"
Cluster,5,Point,"[-11.091510749043024, 8.730924018656518]"
Cluster,5,Point,"[-11.043868985453285, -0.38357958962600347]"
Cluster,5,Point,"[-6.8096158539825522, 6.2621224583804045]"
Cluster,5,Point,"[-9.1919364629250104, 4.3054371366016992]"
Cluster,5,Point,"[-8.2373524126170992, 1.5130419379265074]"
Cluster,5,Point,"[-2.1947488076255035, 2.2909895945601382]"
Cluster,5,Point,"[-5.2547250587041621, 8.6532244464281458]"
Cluster,5,Point,"[-8.7674203405109559, 1.9798531462090776]"
Cluster,5,Point,"[-8.465542620085948, 1.6353146747980052]"
Cluster,5,Point,"[-14.459672197337198, 0.014992916723611992]"
Cluster,5,Point,"[-5.7832811779708031, 7.0268543523343938]"
Cluster,5,Point,"[-7.9086076655783639, 0.389470599488489]"
Cluster,5,Point,"[-10.697655601979399, 4.720504013115602]"
Cluster,5,Point,"[-10.404677390643895, 4.0788463553655614]"
Cluster,5,Point,"[-11.197626280460963, 0.84264058216830873]"
Cluster,5,Point,"[-5.4538244882481388, 4.2091440161726874]"
Cluster,5,Point,"[-4.2500101528114849, 4.3255816982435018]"
Cluster,5,Point,"[-13.345201672419382, 4.7523344219403532]"
Cluster,5,Point,"[-5.0685003451541935, 0.077291975095923809]"
Cluster,5,Point,"[-7.4718528901314976, 3.954592411930014]"
Cluster,5,Point,"[-6.1637937511868479, 7.1530225463524699]"
Cluster,5,Point,"[-2.412843892196189, 5.7101509595024922]"
Cluster,5,Point,"[-12.447860880979162, 1.8936820889867179]"
Cluster,5,Point,"[-5.3315937988608075, 1.2958892178605468]"
Cluster,5,Point,"[-2.7522743711201358, 7.9415884343589465]"
Cluster,5,Point,"[-11.902655296659841, 10.265439442123192]"
Cluster,5,Point,"[-13.347441938115542, 0.21300844699271404]"
Cluster,5,Point,"[-4.7457175870343775, 0.53146097734871955]"
Cluster,5,Point,"[-7.6081881565041796, 3.0373631525159861]"
Cluster,5,Point,"[-2.9618585112985012, 4.0266259842299572]"
Cluster,5,Point,"[-1.3109024918062624, 4.2961924912491698]"
Cluster,5,Point,"[-5.8790648035968172, 4.929371218501041]"
Cluster,5,Point,"[-10.425171360652252, 0.3686674716959415]"
Cluster,5,Point,"[-9.504635846689359, 9.8743982277356803]"
Cluster,6,Point,"[18.301823613319897, -0.029942956204201579]"
Cluster,6,Point,"[15.856756453011332, 1.1341480256094845]"
Cluster,6,Point,"[17.098879465844327, -4.4342417139867321]"
Cluster,6,Point,"[23.766842685943995, 7.835988570856351]"
Cluster,6,Point,"[25.176716939194232, -1.2957859842242763]"
Cluster,6,Point,"[16.748274392986467, 9.9964154949573842]"
Cluster,6,Point,"[18.779625901584581, -2.5277485543477329]"
Cluster,6,Point,"[15.678721094354454, 3.2732076180226959]"
Cluster,6,Point,"[12.479217621954909, 8.4140423032033436]"
Cluster,6,Point,"[19.117071154292649, 4.9094007847358405]"
Cluster,6,Point,"[14.677080917352519, -1.4122344170081464]"
Cluster,6,Point,"[20.068811261305935, -4.5838378354408515]"
Cluster,6,Point,"[18.850494727279468, 15.84464909616478]"
Cluster,6,Point,"[12.612197873365304, -2.6740674670820681]"
Cluster,6,Point,"[13.357426030726385, -1.9503431819025996]"
Cluster,6,Point,"[22.18351924474397, -0.030147088125625224]"
Cluster,6,Point,"[19.78437528858764, 2.5700475966072256]"
Cluster,6,Point,"[22.96272464629309, 2.262332463854869]"
Cluster,6,Point,"[12.101780752975435, 2.7822706912040052]"
Cluster,6,Point,"[18.053527458590246, 11.465126251681529]"
Cluster,6,Point,"[16.200548484715057, 5.7994185025524816]"
Cluster,6,Point,"[13.033673055637562, 2.6455228196556573]"
Cluster,6,Point,"[18.452470452845645, 4.0752866495990627]"
Cluster,6,Point,"[20.305541897790871, 4.8116173844730099]"
Cluster,6,Point,"[15.797335596732598, 6.6743830268736968]"
Cluster,6,Point,"[26.267914754174754, 7.2240113182112742]"
Cluster,6,Point,"[23.464895029844349, 3.4063946277944024]"
Cluster,6,Point,"[13.168773929589069, 4.4429384392808826]"
Cluster,6,Point,"[11.990362658878627, 5.1042605041495905]"
Cluster,6,Point,"[16.944554284939301, -4.761034028809469]"
Cluster,6,Point,"[16.217655219613405, 0.19353394479219932]"
Cluster,6,Point,"[13.497424961960661, -2.0277866011002175]"
Cluster,6,Point,"[19.639219255204114, -2.9260675218058161]"
Cluster,6,Point,"[12.425580111454703, 7.6618693467122325]"
Cluster,6,Point,"[19.905723486806885, 8.1689951510745562]"
Cluster,6,Point,"[19.791337030924147, 2.2194404205924969]"
Cluster,6,Point,"[11.412167804509327, 5.4868700537874568]"
Cluster,6,Point,"[12.767243993087421, 3.2367782120574526]"
Cluster,6,Point,"[18.694897646820042, 9.4966198469344913]"
Cluster,6,Point,"[24.131054913235413, 21.007050558255486]"
Cluster,6,Point,"[24.699520448376759, -0.82544015087787637]"
Cluster,6,Point,"[18.207198935027911, -3.4397525857540407]"
Cluster,6,Point,"[25.733203757628434, 4.765533991287672]"
Cluster,6,Point,"[16.464354564418763, 5.1856801068204579]"
Cluster,6,Point,"[15.98392994012743, 3.7878726475097073]"
Cluster,6,Point,"[13.763189955719049, -0.51203917073575222]"
Cluster,6,Point,"[13.138624284314865, -2.4814658784078327]"
Cluster,6,Point,"[20.753006631816284, 3.3872817137379121]"
Cluster,6,Point,"[16.009816975161854, 5.0968835067533727]"
Cluster,6,Point,"[10.928876791209756, 3.896565262149088]"
Cluster,6,Point,"[17.223371517973348, 1.4815300551319512]"
Cluster,6,Point,"[19.035402361978029, 8.9434987941417319]"
Cluster,6,Point,"[17.152463989022397, -0.35001534688031305]"
Cluster,6,Point,"[14.380240532041563, -1.016447361731958]"
Cluster,6,Point,"[14.326111245273246, -2.0955499443616747]"
Cluster,6,Point,"[13.607890670776271, 0.22784219042297935]"
Cluster,6,Point,"[16.600952330349315, -4.6277907625479138]"
Cluster,6,Point,"[22.515711379521498, 9.9987913389963339]"
Cluster,6,Point,"[10.648722840823197, -0.68615875286571004]"
Cluster,6,Point,"[16.964374777112937, 6.20148548855322]"
Cluster,6,Point,"[21.296977357958092, 13.216111619191697]"
Cluster,6,Point,"[17.416225057324439, -3.284127524109473]"
Cluster,6,Point,"[11.254319808666672, -0.76684680666799743]"
Cluster,6,Point,"[16.417885361823469, 3.009591699259655]"
Cluster,6,Point,"[14.399114980146742, 9.4373822330954109]"
Cluster,6,Point,"[15.667377660898559, 1.6944340889835017]"
Cluster,6,Point,"[33.64851727198247, 4.2783917070663708]"
Cluster,6,Point,"[18.202383596469836, -1.2148815614025132]"
Cluster,6,Point,"[14.705658326264235, 0.30052349487265856]"
Cluster,6,Point,"[11.827922178746679, 7.6066143336847283]"
Cluster,6,Point,"[11.313026383138858, 4.5576163566282464]"
Cluster,6,Point,"[10.227019376044931, 4.6395406715037719]"
Cluster,6,Point,"[17.863380331483125, 13.963276093082014]"
Cluster,6,Point,"[20.327981164992366, -1.7303916334523852]"
Cluster,6,Point,"[10.437208110904933, 0.15808377905085988]"
Cluster,6,Point,"[14.19728840180148, 5.7559530585568535]"
Cluster,6,Point,"[11.441891212716641, 5.2270277164481174]"
Cluster,6,Point,"[21.359084291402187, 4.6645388630488496]"
Cluster,6,Point,"[20.125347741307827, 9.3038760057566101]"
Cluster,6,Point,"[12.651105430104405, -0.45449445944766215]"
Cluster,6,Point,"[13.038195113557279, 2.4114388780646632]"
Cluster,6,Point,"[11.78827733981162, -2.5855579940486804]"
Cluster,6,Point,"[15.177586176879089, 1.1919796237356759]"
Cluster,6,Point,"[16.475437351352479, 9.1314024514957861]"
Cluster,6,Point,"[11.407607669053508, 2.1555819028412064]"
Cluster,6,Point,"[13.169718279674765, 1.4568936008739803]"
Cluster,6,Point,"[11.121337132444163, 3.0698126153342162]"
Cluster,6,Point,"[15.016366303817117, 7.8720164581373453]"
Cluster,6,Point,"[13.371138370042971, 3.7880126450615843]"
Cluster,6,Point,"[11.111318556188202, -1.8690048868669211]"
Cluster,6,Point,"[12.07488188370629, -0.187852228849401]"
Cluster,6,Point,"[17.475154457776853, 2.6147015504209694]"
Cluster,6,Point,"[15.832420990750224, -1.3296826231204451]"
Cluster,7,Point,"[-12.283665445787456, 12.581848519007634]"
Cluster,7,Point,"[-11.678725791637003, 13.646477810593012]"
Cluster,7,Point,"[-5.7876353487516301, 23.31710278437653]"
Cluster,7,Point,"[-3.6589864168913122, 18.576856168124976]"
Cluster,7,Point,"[-5.2852858050567688, 14.119404591301677]"
Cluster,7,Point,"[0.36106734513042849, 16.390838206649697]"
Cluster,7,Point,"[-9.6845637336900143, 11.371896333678983]"
Cluster,7,Point,"[-10.208797080696959, 14.031705760955075]"
Cluster,7,Point,"[-9.3852944684895014, 13.538630438409742]"
Cluster,7,Point,"[-4.2586277846165848, 12.297774071515004]"
Cluster,7,Point,"[-2.284836274885313, 18.68181779990519]"
Cluster,7,Point,"[-4.5206434572782586, 20.089686094611068]"
Cluster,7,Point,"[-1.438687506657742, 16.368137621092878]"
Cluster,7,Point,"[-5.1010636380019054, 18.818084490068099]"
Cluster,7,Point,"[-11.573824342142904, 11.917327398111954]"
Cluster,7,Point,"[-3.7888857790526704, 18.750865995029798]"
Cluster,7,Point,"[-5.2246071887266829, 15.966322649754241]"
Cluster,7,Point,"[-5.5615823774926305, 14.259282577374055]"
Cluster,7,Point,"[-6.6854839687556966, 28.106846304098852]"
Cluster,7,Point,"[-12.028928377048144, 14.316402980377116]"
Cluster,7,Point,"[-6.8784374644462094, 31.865365322029447]"
Cluster,7,Point,"[2.4722802738553273, 25.199007759289053]"
Cluster,7,Point,"[-3.7212737385001819, 13.611337121584839]"
Cluster,7,Point,"[-4.3413916465545723, 35.405598236242682]"
Cluster,7,Point,"[-3.5082467810405715, 17.027810091126813]"
Cluster,7,Point,"[-5.8960692315449048, 15.665010561852679]"
Cluster,7,Point,"[-4.9647997889109234, 16.972138858103783]"
Cluster,7,Point,"[-1.9687928396358509, 16.03979642377039]"
Cluster,7,Point,"[-10.105290287981168, 14.529118252134687]"
Cluster,7,Point,"[-18.861060865242166, 23.220794860821105]"
Cluster,7,Point,"[-5.4222199251313725, 15.147421207976384]"
Cluster,7,Point,"[-6.0799795167804307, 16.447377215619483]"
Cluster,7,Point,"[-2.188883967667214, 18.982063803863248]"
Cluster,7,Point,"[-9.1027137495419694, 20.542572099767721]"
Cluster,7,Point,"[-13.463182020644728, 16.564818329643455]"
Cluster,7,Point,"[-14.563272983712993, 28.936175325219494]"
Cluster,7,Point,"[-6.7980018668673514, 12.729555835292558]"
Cluster,7,Point,"[0.94860840389407741, 18.323429305546764]"
Cluster,7,Point,"[-4.623007222426927, 21.535631918494978]"
Cluster,7,Point,"[-5.9841401168009014, 11.752640485888939]"
Cluster,7,Point,"[-7.5849568254458948, 16.986556107038258]"
Cluster,7,Point,"[-2.8181423432928208, 12.325504255442056]"
Cluster,7,Point,"[-4.3775930733130055, 18.340453938119882]"
Cluster,7,Point,"[-9.0348273845325249, 11.085533773166228]"
Cluster,7,Point,"[-4.1406625526331702, 10.898337174617762]"
Cluster,7,Point,"[-6.9133557538398085, 11.872160664302543]"
Cluster,7,Point,"[-1.3569661165042335, 15.151784045051603]"
Cluster,7,Point,"[-15.836280143802686, 19.924895296263362]"
Cluster,7,Point,"[-5.7537553898118574, 23.036376075506503]"
Cluster,7,Point,"[-2.6392654653300838, 13.979870938230333]"
Cluster,7,Point,"[-8.4751140383304886, 14.38827475586738]"
Cluster,7,Point,"[-1.9544364325365073, 14.665187287851642]"
Cluster,7,Point,"[-6.2222449376523574, 14.32251863854697]"
Cluster,7,Point,"[-5.4786873956607538, 12.812838237585577]"
Cluster,7,Point,"[-8.8977817904335961, 17.420365276036623]"
Cluster,7,Point,"[-8.7111923154853841, 22.231319383131769]"
Cluster,7,Point,"[-2.583009300206089, 16.809881123087553]"
Cluster,7,Point,"[2.0595166010975201, 25.668565329880529]"
Cluster,7,Point,"[-2.0955431930537016, 16.893133630544217]"
Cluster,7,Point,"[-0.39433365717743263, 19.369187630858914]"
Cluster,7,Point,"[-4.3971241177975315, 14.307279060082863]"
Cluster,7,Point,"[-11.82779393326407, 11.768629585562147]"
Cluster,7,Point,"[-8.0187478345652679, 14.399459648574489]"
Cluster,7,Point,"[-7.530264816223661, 12.476793680267228]"
Cluster,7,Point,"[-3.185966464597485, 25.188035623372631]"
Cluster,7,Point,"[-10.740532596327741, 11.654259206870009]"
Cluster,7,Point,"[-0.27953561598561055, 21.632575432292054]"
Cluster,7,Point,"[-9.7500580810946929, 14.467704207874363]"
Cluster,7,Point,"[-3.3914187183383304, 18.607622674726404]"
Cluster,7,Point,"[-9.4527995956015545, 12.347187149624848]"
Cluster,7,Point,"[-0.83984327367920264, 14.844610897231863]"
Cluster,7,Point,"[-5.2331700153402956, 14.434313887080872]"
Cluster,7,Point,"[-2.7644066742584723, 15.66288186792965]"
Cluster,7,Point,"[-4.0355163537176093, 20.093137033837777]"
Cluster,7,Point,"[-1.3146065158840856, 17.111517353405457]"
Cluster,7,Point,"[-10.15361814825593, 15.127021878574228]"
Cluster,7,Point,"[-2.4791998965741606, 18.882032034063641]"
Cluster,7,Point,"[-7.6176781759852039, 11.401342406849242]"
Cluster,8,Point,"[6.1626300115294876, -1.355644007585497]"
Cluster,8,Point,"[9.0306029141770328, -3.0091842608360393]"
Cluster,8,Point,"[3.9486149780071935, 4.2468234612179341]"
Cluster,8,Point,"[7.1042616113210402, -3.7379902719303804]"
Cluster,8,Point,"[5.4659054375594609, -5.0498058013369747]"
Cluster,8,Point,"[3.5514605774221861, 2.4968361702197899]"
Cluster,8,Point,"[3.4593542617984276, -5.5441095323447422]"
Cluster,8,Point,"[4.1530884214673938, -0.071441925697598274]"
Cluster,8,Point,"[2.4405449353601543, 1.2931496986427395]"
Cluster,8,Point,"[2.7031927216131817, -5.5359129871516863]"
Cluster,8,Point,"[3.5891103753789118, -6.5231360426025145]"
Cluster,8,Point,"[-0.34217922249612465, -1.1347257378058273]"
Cluster,8,Point,"[1.5463875351736283, -0.79862104803197875]"
Cluster,8,Point,"[2.1607309413788842, 2.0122463267516846]"
Cluster,8,Point,"[5.0925535209375896, 0.6545570464745607]"
Cluster,8,Point,"[6.3161723023176961, -5.6454694605957956]"
Cluster,8,Point,"[0.82068552523778915, 1.7247335336307714]"
Cluster,8,Point,"[4.2552921156692074, -3.8257961567447243]"
Cluster,8,Point,"[4.6471666488719858, 1.098445217119463]"
Cluster,8,Point,"[2.3166871587823685, -3.6287285154758084]"
Cluster,8,Point,"[8.7732922109681386, -1.1643053667747785]"
Cluster,8,Point,"[1.2718552007966113, -3.9144217129010923]"
Cluster,8,Point,"[7.5357160430584615, 3.2137149082348637]"
Cluster,8,Point,"[3.1388517021343065, 2.3582981458344392]"
Cluster,8,Point,"[4.2744742997090288, -1.813017333231453]"
Cluster,8,Point,"[-0.053151643574869227, 5.1717896037437949]"
Cluster,8,Point,"[1.0396699453785732, 5.1317964430439407]"
Cluster,8,Point,"[8.5299998309822236, -2.0487853427038853]"
Cluster,8,Point,"[0.57697979831895541, 3.999544494123255]"
Cluster,8,Point,"[-0.85152524062685875, 3.4042460197143449]"
Cluster,8,Point,"[10.56819786609994, -1.0918313194441578]"
Cluster,8,Point,"[-1.2458532493013645, 2.3064777982000875]"
Cluster,8,Point,"[0.50087284766495521, 0.24042417614459582]"
Cluster,8,Point,"[2.3247570639472719, 2.4992567546654514]"
Cluster,8,Point,"[2.6494055358618085, 5.3359739209727444]"
Cluster,8,Point,"[2.5668246912868646, 4.2128886241890298]"
Cluster,8,Point,"[7.8280060160945659, -3.4322489005943329]"
Cluster,8,Point,"[10.136340632753162, 0.19027190457040527]"
Cluster,8,Point,"[5.1499369062971319, -4.7183063950620072]"
Cluster,8,Point,"[1.2218978977359181, -0.3156144100611496]"
Cluster,8,Point,"[5.3915996258102359, -6.585524807565295]"
Cluster,8,Point,"[8.037308149193283, -3.6824042627226712]"
Cluster,8,Point,"[-0.02510271915282463, -4.700799478800409]"
Cluster,8,Point,"[4.7253242005880089, -5.1725820557574043]"
Cluster,8,Point,"[8.0669241693215419, -4.1348042868870865]"
Cluster,8,Point,"[-0.81729534261355774, 2.7135491684700588]"
Cluster,8,Point,"[7.2032124989883393, 5.0487487830854603]"
Cluster,8,Point,"[6.6201386037324852, -0.19247425915067531]"
Cluster,8,Point,"[8.7529430151517857, 1.2702539543142448]"
Cluster,8,Point,"[1.8393449916203979, -3.8902542706863015]"
Cluster,8,Point,"[-1.439141745134759, 3.282604008560142]"
Cluster,8,Point,"[0.32039960257171712, 4.2642267887311389]"
Cluster,8,Point,"[1.6753134589979644, 1.9081092644614381]"
Cluster,8,Point,"[2.0358837560663132, -6.3390857330035875]"
Cluster,8,Point,"[9.4473599411403022, -0.74816593476497206]"
Cluster,8,Point,"[2.445598747838456, 0.069390138827493522]"
Cluster,8,Point,"[1.5105333891512516, 1.5842262371218281]"
Cluster,8,Point,"[-0.14404256510123176, 0.54845963368285633]"
Cluster,8,Point,"[8.2128404709736778, 1.159446544487134]"
Cluster,8,Point,"[2.60134759368042, -5.8856394696133023]"
Cluster,8,Point,"[4.0609940286841661, 4.8411998954277689]"
Cluster,8,Point,"[0.97730106577429376, 5.5160391381375877]"
Cluster,8,Point,"[1.516187054806736, 3.7295527866715528]"
Cluster,8,Point,"[6.1423967250329952, 0.088032954495535207]"
Cluster,8,Point,"[1.5112866906105495, -2.9811077718044632]"
Cluster,8,Point,"[1.5578513226163757, -1.7759897610167441]"
Cluster,8,Point,"[5.5944289100082916, 1.4720801666832337]"
Cluster,8,Point,"[0.59505296780834394, -1.6582958795409826]"
Cluster,8,Point,"[9.5528441354994857, 2.0828514739578541]"
Cluster,8,Point,"[4.7585069160715108, 0.79376696231255151]"
Cluster,8,Point,"[7.8615828295143864, -1.6868642306743407]"
Cluster,8,Point,"[5.9312309422815845, 4.9933698422929256]"
Cluster,8,Point,"[4.5872119419925186, -5.1900456852214605]"
Cluster,8,Point,"[4.5020262549652879, 0.8070914577844478]"
Cluster,8,Point,"[7.2715698225572378, -0.38295210903989718]"
Cluster,8,Point,"[0.42414167052202717, 3.1016674615267306]"
Cluster,8,Point,"[3.2625629077201368, -4.1668054376342347]"
Cluster,8,Point,"[-0.5340301358444508, -0.12332648428074162]"
Cluster,8,Point,"[-1.7236960206353236, 0.24326683408661509]"
Cluster,8,Point,"[6.1892562234361908, -0.84679721791533535]"
Cluster,8,Point,"[0.79056921304702188, -4.4093526120031363]"
Cluster,8,Point,"[1.1953011149370942, 2.3926832554470465]"
Cluster,8,Point,"[-0.34559348639768017, 2.5950882160736235]"
Cluster,8,Point,"[1.7077196764910254, -5.6529763177159129]"
Cluster,8,Point,"[7.1862848979933069, 3.3519679034375907]"
Cluster,8,Point,"[-1.5753849803693618, 2.3008413251339719]"
Cluster,8,Point,"[0.17973234123124232, 3.2785825003835933]"
Cluster,8,Point,"[-0.92615690444709498, -0.5976602818737452]"
Cluster,8,Point,"[6.955025737669347, -3.3530107905001953]"
Cluster,8,Point,"[4.5838501917472882, -1.2775180053562163]"
Cluster,8,Point,"[9.4841873657655196, -2.8547330652256635]"
Cluster,8,Point,"[6.1928621512671844, -1.7328080761942022]"
Cluster,8,Point,"[9.2393061603845599, -3.3375384571050914]"
Cluster,8,Point,"[1.1443813522631405, 1.7934581566013843]"
Cluster,8,Point,"[1.3825437865363215, -1.3639282270591901]"
Cluster,8,Point,"[4.6876338916867413, 3.7148223132902212]"
Cluster,8,Point,"[3.7846839525819771, -6.733725725080868]"
Cluster,8,Point,"[4.8215774369207427, 5.146488230472209]"
Cluster,8,Point,"[1.622237314163206, 1.784851608744249]"
Cluster,8,Point,"[4.1456154019146982, -1.5048799615522488]"
Cluster,8,Point,"[0.54475961505171377, 1.3421538287335577]"
Cluster,8,Point,"[2.4140861838400793, -7.941163299962632]"
Cluster,8,Point,"[3.8331855972543187, 5.5011624987186947]"
Cluster,8,Point,"[5.5527775967189976, -3.5351639844744787]"
Cluster,8,Point,"[1.6513113096499141, -0.86116085486335148]"
Cluster,8,Point,"[1.5823574304964716, -2.3721500381456466]"
Cluster,8,Point,"[1.8308239650638167, -0.9715153293599893]"
Cluster,8,Point,"[-0.16647943455762956, -1.8978360984171365]"
Cluster,8,Point,"[0.85040543000304603, -2.3370866416215952]"
Cluster,8,Point,"[3.6951579252211122, -6.723910589832137]"
Cluster,8,Point,"[-1.4968334346156822, -1.6416124290684548]"
Cluster,8,Point,"[1.5000302629242499, 3.6032173404363159]"
Cluster,8,Point,"[5.6599553896176715, -0.15819286076445782]"
Cluster,8,Point,"[8.7626744981150591, -1.9133012196095334]"
Cluster,8,Point,"[1.2529344672662792, -4.103693297481966]"
Cluster,8,Point,"[-0.77618842155282597, 0.00017137648463754797]"
Cluster,8,Point,"[-2.0140053963702287, 1.1018295091293824]"
Cluster,8,Point,"[-0.89847452587577814, 4.0644445808147287]"
Cluster,8,Point,"[6.1869740905147577, -2.8752882516379663]"
Cluster,8,Point,"[7.5192663210501358, -2.517282760428655]"
Cluster,8,Point,"[3.9122396598741997, -1.0800589012540422]"
Cluster,8,Point,"[0.94468210563283539, -0.86739380174945313]"
Cluster,8,Point,"[0.2949794165829111, 4.7852539987370495]"
Cluster,8,Point,"[-1.788771113715431, 1.8682881417851016]"
Cluster,8,Point,"[1.3999085602473469, -7.2871902562033046]"
Cluster,8,Point,"[2.0911279236311096, -5.0532995854121543]"
Cluster,8,Point,"[5.4360077863764484, -1.5093974048041021]"
Cluster,8,Point,"[2.1085898310015101, 3.9470733447547168]"
Cluster,8,Point,"[6.3313874208240639, 3.7030194562176808]"
Cluster,8,Point,"[5.7478843109918216, 3.7450384398502141]"
Cluster,8,Point,"[7.193008011523836, -2.8423059291291519]"
Cluster,8,Point,"[6.4683411899610892, 1.0570874037744591]"
Cluster,8,Point,"[7.9343348375016829, 1.2756482868970767]"
Cluster,8,Point,"[1.1224530317993553, -0.12499091324415657]"
Cluster,8,Point,"[-1.1576240592788349, -0.60775871067980192]"
Cluster,8,Point,"[4.2053196877536365, -0.66848829657425179]"
Cluster,8,Point,"[2.6650922848582619, 2.3107424851138818]"
Cluster,8,Point,"[0.22889779397503726, 0.31708955683948908]"
Cluster,8,Point,"[5.6876385793385964, -3.0782801849908514]"
Cluster,8,Point,"[2.2079430935568518, 4.2914431449946546]"
Cluster,8,Point,"[2.7948757083373637, -6.1275401007058186]"
Cluster,8,Point,"[8.6366419819140212, 1.1705560165944533]"
Cluster,8,Point,"[8.6556099426738022, 4.4254511666468597]"
Cluster,8,Point,"[4.9499852801284936, -1.2515890067928213]"
Cluster,8,Point,"[7.6225483372489737, -1.7127910865529121]"
Cluster,8,Point,"[0.15405389196781558, 3.9941683289151624]"
Cluster,8,Point,"[7.6606797648981528, 1.8302578957695479]"
Cluster,8,Point,"[-0.1200104344617335, -1.2601904375987338]"
Cluster,8,Point,"[1.8055169896107437, -5.7375318323899958]"
Cluster,8,Point,"[6.9219826496226702, -1.3801662379559911]"
Cluster,8,Point,"[8.3948957644706432, -2.0961962084209027]"
Cluster,8,Point,"[4.189794825761278, -3.509965358848024]"
Cluster,8,Point,"[9.8884806167824326, -3.4719895338150031]"
Cluster,8,Point,"[3.0311997939406825, 4.492802651740762]"
Cluster,8,Point,"[1.4033960466738857, -5.4891180499406254]"
Cluster,8,Point,"[-0.73522508272618536, 1.2962461282884892]"
Cluster,8,Point,"[2.4007255201939128, -0.33002228131979039]"
Cluster,8,Point,"[2.0136834628442628, 1.279851667466076]"
Cluster,8,Point,"[4.4412890303340324, -5.5590747347425937]"
Cluster,8,Point,"[1.8440367552125938, 3.3786800184366528]"
Cluster,8,Point,"[-0.79116354227333774, -0.0098105123148807555]"
Cluster,8,Point,"[7.0654553355192027, 4.7443777360318311]"
Cluster,8,Point,"[4.0174706271949159, 2.9862388564599156]"
Cluster,8,Point,"[-0.69662675785404626, -2.6693641405291486]"
Cluster,8,Point,"[5.8586932205422206, 3.2661154025060659]"
Cluster,8,Point,"[2.7504649279787268, 4.309096081557791]"
Cluster,8,Point,"[7.7239374002713346, -1.3711565446376577]"
Cluster,8,Point,"[6.8981579471128143, 3.6502480367937702]"
Cluster,8,Point,"[9.7326177633702589, 2.4410833005105887]"
Cluster,8,Point,"[0.25859160314272872, 3.0243423567790368]"
Cluster,8,Point,"[8.229527408807737, -1.4777554108372979]"
Cluster,8,Point,"[9.762906341992144, 1.5265130442652564]"
Cluster,8,Point,"[5.2742218821127649, -2.4077956567349581]"
Cluster,8,Point,"[3.4246979904172892, 5.0258162140147089]"
Cluster,8,Point,"[7.2362380788697926, 4.8267016318603089]"
Cluster,8,Point,"[0.12728077747894656, -0.628653679649815]"
Cluster,8,Point,"[5.9083914373213551, -5.929240506767294]"
Cluster,8,Point,"[-1.5245526350129091, -1.6812320257134972]"
Cluster,8,Point,"[1.3450338028882269, -1.9116347080968212]"
Cluster,8,Point,"[-1.4326438304919107, 0.75921861726766948]"
Cluster,8,Point,"[2.0786148745326836, -1.8166998608324172]"
Cluster,8,Point,"[0.96334441250320635, 5.40299967853651]"
Cluster,9,Point,"[-6.6443930782958418, -0.76725348570922369]"
Cluster,9,Point,"[-6.7138401842925219, -4.0620989235617575]"
Cluster,9,Point,"[-5.9342966027285868, -1.6385414548210915]"
Cluster,9,Point,"[-5.3647297339335998, -5.7986994082589121]"
Cluster,9,Point,"[-10.095428466447789, -5.3429732056274197]"
Cluster,9,Point,"[-7.1257449547783178, -10.223742694793188]"
Cluster,9,Point,"[-3.4401190523508691, -2.0748248579035211]"
Cluster,9,Point,"[-2.5091082079699727, -8.3481666517697377]"
Cluster,9,Point,"[-3.4540956551263196, -1.4482761368838006]"
Cluster,9,Point,"[-12.026508695035309, -2.2462484119875943]"
Cluster,9,Point,"[-6.3993384885705327, -1.072979066869131]"
Cluster,9,Point,"[-2.6605645829289641, -9.796837134738416]"
Cluster,9,Point,"[-5.9479475649591196, -1.621686404578593]"
Cluster,9,Point,"[-10.367904250746257, -3.5657182992034917]"
Cluster,9,Point,"[-4.096180967808781, -7.7387185175654585]"
Cluster,9,Point,"[-7.5996814272275568, -8.7443440158842112]"
Cluster,9,Point,"[-3.3328158949325348, -5.1264046671632126]"
Cluster,9,Point,"[-8.1019988002503247, -12.42423064009939]"
Cluster,9,Point,"[-1.8748820217377939, -9.5582028587648118]"
Cluster,9,Point,"[-8.9226881470685626, -2.5503924395809734]"
Cluster,9,Point,"[-11.653193973907406, -5.138055543752948]"
Cluster,9,Point,"[-6.4951841517683313, -6.0783244144113446]"
Cluster,9,Point,"[-2.3375005475862434, -6.358486779985828]"
Cluster,9,Point,"[-9.0210405096049868, -8.6210075675723186]"
Cluster,9,Point,"[-10.012930617537393, -1.4617341371151529]"
Cluster,9,Point,"[-6.3948380005811316, -2.7335745010724786]"
Cluster,9,Point,"[-8.313876606175933, -11.948190748440627]"
Cluster,9,Point,"[-7.6500488550250081, -3.0200958924534032]"
Cluster,9,Point,"[-5.3111209390588163, -1.520461390490889]"
Cluster,9,Point,"[-3.073261060054552, -3.1089674949524539]"
Cluster,9,Point,"[-9.342349027917896, -3.7813018230163347]"
Cluster,9,Point,"[-2.2422472478021067, -2.90309419970461]"
Cluster,9,Point,"[-4.1088213703984398, -0.71176138808943301]"
Cluster,9,Point,"[-5.1861234580745954, -4.4723353555738274]"
Cluster,9,Point,"[-0.021769814048211614, -5.6621804607051738]"
Cluster,9,Point,"[-1.7349926924008761, -3.9735457694205767]"
Cluster,9,Point,"[-9.2976008988958583, -2.0582555424882645]"
Cluster,9,Point,"[-4.9704589477621246, -2.4559129331361613]"
Cluster,9,Point,"[-9.5400894473297377, -9.4516367481744936]"
Cluster,9,Point,"[-11.626468089903522, -1.3878103633300394]"
Cluster,9,Point,"[-3.5340942507749018, -3.5186983814724924]"
Cluster,9,Point,"[-8.8927269718550903, -7.4333972566121709]"
Cluster,9,Point,"[-7.5209832330651167, -8.9862004724164066]"
Cluster,9,Point,"[-5.7137861782324002, -7.6792739128029481]"
Cluster,9,Point,"[-0.13080709024582926, -8.6866338755270025]"
Cluster,9,Point,"[-2.6274582023546786, -0.20619656976474052]"
Cluster,9,Point,"[-5.5980943996514014, -2.1764361347969929]"
Cluster,9,Point,"[-12.584083007785519, -1.3319668586269606]"
Cluster,9,Point,"[-11.404628634796945, -2.9795762552262293]"
Cluster,9,Point,"[-3.0207192792079072, -4.5699412097765251]"
Cluster,9,Point,"[-2.5583532780937448, -7.697671074953945]"
Cluster,9,Point,"[-5.9701594830995948, -11.190545495785418]"
Cluster,9,Point,"[-6.3580003402757388, -1.4639429833607245]"
Cluster,9,Point,"[-4.2491867711655837, -6.8352315416286311]"
Cluster,9,Point,"[-3.143198138200169, -3.3612006740734444]"
Cluster,9,Point,"[-8.6754858364247109, -5.626179958464653]"
Cluster,9,Point,"[-4.0611094652487472, -2.8459589725187118]"
Cluster,9,Point,"[-7.3724104488136124, -4.6062387305000998]"
Cluster,9,Point,"[-9.3672796469252901, -0.98052782800346039]"
Cluster,9,Point,"[-7.4791206409151831, -11.513417569629533]"
Cluster,9,Point,"[-1.3127329539349055, -5.9433780692002225]"
Cluster,9,Point,"[-7.413808387668821, -9.0853039651785163]"
Cluster,9,Point,"[-8.1615163589102782, -12.416243373557272]"
Cluster,9,Point,"[-3.6485169908955841, -2.1955153585205176]"
Cluster,9,Point,"[-8.6033409480333987, -8.8221388675653749]"
Cluster,9,Point,"[-7.9732302679826024, -11.156993531032969]"
Cluster,9,Point,"[-9.8770501358467406, -2.1814125505584752]"
Cluster,9,Point,"[-0.7934891489864655, -5.9306924028486403]"
Cluster,9,Point,"[-3.7756450322480637, -1.0850075419676062]"
Cluster,9,Point,"[-11.065764003780123, -1.068214402222659]"
Cluster,9,Point,"[-9.8288581414849965, -8.0808416823661613]"
Cluster,9,Point,"[-0.71704784628789697, -5.219073879881968]"
Cluster,9,Point,"[-3.9914319884261671, -2.2319667416912949]"
Cluster,9,Point,"[-8.356025284837628, -8.9841958161095281]"
Cluster,9,Point,"[-7.4009958813724097, -3.5611254592209614]"
Cluster,9,Point,"[-8.6009556843236705, -7.7788576666301834]"
Cluster,9,Point,"[-8.781001165047579, -2.0626871335582591]"
Cluster,9,Point,"[-1.4782914498794657, -7.7809080445252707]"
Cluster,9,Point,"[-5.9010767279605254, -4.6835450183341267]"
Cluster,9,Point,"[-5.0017164088373631, -1.5537762773272115]"
Cluster,9,Point,"[-2.1290871378705454, -6.3557854125770845]"
Cluster,9,Point,"[-6.3189970323302749, -1.7779604861625788]"
Cluster,9,Point,"[-8.8796344519497747, -1.8046421213906603]"
Cluster,9,Point,"[-6.3488026166018479, -4.042435765978837]"
Cluster,9,Point,"[-11.123275542402551, -5.6488838096075344]"
Cluster,9,Point,"[-7.9096409965346748, -3.405533424428544]"
Cluster,9,Point,"[-5.833386274180179, -3.1313515589357777]"
Cluster,9,Point,"[-0.5679839920740466, -5.823131345190137]"
Cluster,9,Point,"[-0.59507487971453599, -7.7083065885629312]"
Cluster,9,Point,"[-7.6520114953350209, -1.8235461276126501]"
Cluster,9,Point,"[-1.5657035355416364, -5.0921499036108751]"
Cluster,9,Point,"[-6.4324651215366337, -7.8621542043122741]"
Cluster,9,Point,"[-5.5790309187279208, -3.473107856556052]"
Cluster,9,Point,"[-4.8464885970403229, -5.1657080265538635]"
Cluster,9,Point,"[-6.4097126493629215, -6.1501610298727396]"
Cluster,9,Point,"[-3.9695746656146511, -4.4447298746877308]"
Cluster,9,Point,"[-0.24369298118525251, -7.0238952154361627]"
Cluster,9,Point,"[-8.5048006820244133, -4.6583897280582862]"
Cluster,9,Point,"[-5.7969397101820554, -2.4441104165417462]"
Cluster,9,Point,"[-4.3211975894064816, -3.6535051054569081]"
Cluster,9,Point,"[-2.542838623675757, -8.1360282962214647]"
Cluster,9,Point,"[-2.8420492851915609, -1.7799351909104866]"
Cluster,9,Point,"[-2.3477391475405214, -6.9243898110784308]"
Cluster,9,Point,"[-11.394786519178197, -1.3070208842514557]"
Cluster,9,Point,"[-4.3659059107362719, -9.1230905449503812]"
Cluster,9,Point,"[-6.6592790603297258, -3.4790215521298116]"
Cluster,9,Point,"[-9.5006333296518655, -4.4698023244755616]"
Cluster,9,Point,"[-8.5301219065330525, -12.672383934269886]"
Cluster,9,Point,"[0.35714866374838494, -5.9986377719125885]"
Cluster,9,Point,"[-4.3638857982300099, -8.3335206401678015]"
Cluster,9,Point,"[-8.2518647448212885, -10.188039522775419]"
